,Unnamed: 0,sms,Unnamed: 2,Unnamed: 3,Unnamed: 4,nsms,text_token,bucket
5,01/04/21,UPI-K RAJESH-RAJESHDPMINDIA@OKICICI-ICIC0000009-109112901059-UPI,01/04/21,1,,UPI-K RAJESH-RAJESHDPMINDIA@OKICICI-ICIC0000009-109112901059-UPI,"['UPI', 'K', 'RAJESH', 'RAJESHDPMINDIA', 'OKICICI', 'ICIC0000009', '109112901059', 'UPI']",Utility
6,01/04/21,"NEFT DR-PUNB0668200-ROHAN-NETBANK, MUM-N091211459394676-FUNDS",01/04/21,17816,,"NEFT DR-PUNB0668200-ROHAN-NETBANK, MUM-N091211459394676-FUNDS","['NEFT', 'DR', 'PUNB0668200', 'ROHAN', 'NETBANK', 'MUM', 'N091211459394676', 'FUNDS']",Funds Transfer
7,01/04/21,UPI-K RAJESH-RAJESHDPMINDIA@OKICICI-ICIC0000009-109117511967-UPI,01/04/21,24999,,UPI-K RAJESH-RAJESHDPMINDIA@OKICICI-ICIC0000009-109117511967-UPI,"['UPI', 'K', 'RAJESH', 'RAJESHDPMINDIA', 'OKICICI', 'ICIC0000009', '109117511967', 'UPI']",Utility
8,01/04/21,UPI-ZOMATO-ZOMATO-ORDER@PAYTM-PYTM0123456-109117628409-ZOMATO PAYMENT,01/04/21,111.18,,UPI-ZOMATO-ZOMATO-ORDER@PAYTM-PYTM0123456-109117628409-ZOMATO PAYMENT,"['UPI', 'ZOMATO', 'ZOMATO', 'ORDER', 'PAYTM', 'PYTM0123456', '109117628409', 'ZOMATO', 'PAYMENT']",Online Food
9,02/04/21,UPI-MAHENDRAN K M-SRIMURUGANSUPERMARKET1969@OKHDFCBANK-HDFC0001864-109218533308-UPI,02/04/21,40,,UPI-MAHENDRAN K M-SRIMURUGANSUPERMARKET1969@OKHDFCBANK-HDFC0001864-109218533308-UPI,"['UPI', 'MAHENDRAN', 'K', 'M', 'SRIMURUGANSUPERMARKET1969', 'OKHDFCBANK', 'HDFC0001864', '109218533308', 'UPI']",Utility
10,02/04/21,UPI-ZOMATO-ZOMATO-ORDER@PAYTM-PYTM0123456-109222438461-ZOMATO PAYMENT,02/04/21,149.98,,UPI-ZOMATO-ZOMATO-ORDER@PAYTM-PYTM0123456-109222438461-ZOMATO PAYMENT,"['UPI', 'ZOMATO', 'ZOMATO', 'ORDER', 'PAYTM', 'PYTM0123456', '109222438461', 'ZOMATO', 'PAYMENT']",Online Food
11,03/04/21,UPI-MR SHAKSHI NAHAR-SHAKSHI.NAHAR2001@OKHDFCBANK-IDIB000G079-109317778469-UPI,03/04/21,,1,UPI-MR SHAKSHI NAHAR-SHAKSHI.NAHAR2001@OKHDFCBANK-IDIB000G079-109317778469-UPI,"['UPI', 'MR', 'SHAKSHI', 'NAHAR', 'SHAKSHI', 'NAHAR2001', 'OKHDFCBANK', 'IDIB000G079', '109317778469', 'UPI']",Utility
12,04/04/21,UPI-ZOMATO-ZOMATO@HDFCBANK-HDFC0000499-109411059391-ZOMATOONLINEORDER,04/04/21,176,,UPI-ZOMATO-ZOMATO@HDFCBANK-HDFC0000499-109411059391-ZOMATOONLINEORDER,"['UPI', 'ZOMATO', 'ZOMATO', 'HDFCBANK', 'HDFC0000499', '109411059391', 'ZOMATOONLINEORDER']",Online Food
13,04/04/21,UPI-GOOGLEPAY-GOOG-PAYMENT@OKAXIS-UTIB0000553-109416885748-UPI,04/04/21,,5,UPI-GOOGLEPAY-GOOG-PAYMENT@OKAXIS-UTIB0000553-109416885748-UPI,"['UPI', 'GOOGLEPAY', 'GOOG', 'PAYMENT', 'OKAXIS', 'UTIB0000553', '109416885748', 'UPI']",Utility
14,04/04/21,UPI-ZOMATO-ZOMATO-ORDER@PAYTM-PYTM0123456-109420825788-ZOMATO PAYMENT,04/04/21,200,,UPI-ZOMATO-ZOMATO-ORDER@PAYTM-PYTM0123456-109420825788-ZOMATO PAYMENT,"['UPI', 'ZOMATO', 'ZOMATO', 'ORDER', 'PAYTM', 'PYTM0123456', '109420825788', 'ZOMATO', 'PAYMENT']",Online Food
15,04/04/21,UPI-RAZORPAYZOMATO-ZOMATOINDIA@ICICI-ICIC0000001-109420888945-ZOMATOONLINEORDER,04/04/21,152.79,,UPI-RAZORPAYZOMATO-ZOMATOINDIA@ICICI-ICIC0000001-109420888945-ZOMATOONLINEORDER,"['UPI', 'RAZORPAYZOMATO', 'ZOMATOINDIA', 'ICICI', 'ICIC0000001', '109420888945', 'ZOMATOONLINEORDER']",
16,05/04/21,UPI-GOOGLEPAY-GOOG-PAYMENT@OKAXIS-UTIB0000553-109504159090-UPI,05/04/21,,6,UPI-GOOGLEPAY-GOOG-PAYMENT@OKAXIS-UTIB0000553-109504159090-UPI,"['UPI', 'GOOGLEPAY', 'GOOG', 'PAYMENT', 'OKAXIS', 'UTIB0000553', '109504159090', 'UPI']",Utility
17,05/04/21,UPI-ZERODHA-ZERODHA.RAZORPAY@ICICI-ICIC0000002-109511561213-511005493637809 ZE,05/04/21,50000,,UPI-ZERODHA-ZERODHA.RAZORPAY@ICICI-ICIC0000002-109511561213-511005493637809 ZE,"['UPI', 'ZERODHA', 'ZERODHA', 'RAZORPAY', 'ICICI', 'ICIC0000002', '109511561213', '511005493637809', 'ZE']",Broker
18,06/04/21,UPI-KAPOOR CHAND-AMZN0004251406@APL-PUNB0673800-109621297890-UPI,06/04/21,120,,UPI-KAPOOR CHAND-AMZN0004251406@APL-PUNB0673800-109621297890-UPI,"['UPI', 'KAPOOR', 'CHAND', 'AMZN0004251406', 'APL', 'PUNB0673800', '109621297890', 'UPI']",Utility
19,07/04/21,UPI-ZOMATO-ZOMATO-ORDER@PAYTM-PYTM0123456-109707705376-ZOMATO PAYMENT,07/04/21,127.01,,UPI-ZOMATO-ZOMATO-ORDER@PAYTM-PYTM0123456-109707705376-ZOMATO PAYMENT,"['UPI', 'ZOMATO', 'ZOMATO', 'ORDER', 'PAYTM', 'PYTM0123456', '109707705376', 'ZOMATO', 'PAYMENT']",Online Food
20,07/04/21,UPI-MR SHAKSHI NAHAR-SHAKSHI.NAHAR2001@OKHDFCBANK-IDIB000G079-109718343160-UPI,07/04/21,500,,UPI-MR SHAKSHI NAHAR-SHAKSHI.NAHAR2001@OKHDFCBANK-IDIB000G079-109718343160-UPI,"['UPI', 'MR', 'SHAKSHI', 'NAHAR', 'SHAKSHI', 'NAHAR2001', 'OKHDFCBANK', 'IDIB000G079', '109718343160', 'UPI']",Utility
21,08/04/21,UPI-ZERODHA-ZERODHA.RAZORPAY@ICICI-ICIC0000002-109810027545-ZERODHA 1055939449,08/04/21,50000,,UPI-ZERODHA-ZERODHA.RAZORPAY@ICICI-ICIC0000002-109810027545-ZERODHA 1055939449,"['UPI', 'ZERODHA', 'ZERODHA', 'RAZORPAY', 'ICICI', 'ICIC0000002', '109810027545', 'ZERODHA', '1055939449']",Broker
22,08/04/21,UPI-RAZORPAYZOMATO-ZOMATOINDIA@ICICI-ICIC0000001-109818372806-ZOMATOONLINEORDER,08/04/21,237.2,,UPI-RAZORPAYZOMATO-ZOMATOINDIA@ICICI-ICIC0000001-109818372806-ZOMATOONLINEORDER,"['UPI', 'RAZORPAYZOMATO', 'ZOMATOINDIA', 'ICICI', 'ICIC0000001', '109818372806', 'ZOMATOONLINEORDER']",
23,08/04/21,UPI-AMITH KUMAR R-AMITHSHREEMOBILES@OKAXIS-FDRL0001282-109819045664-UPI,08/04/21,,60,UPI-AMITH KUMAR R-AMITHSHREEMOBILES@OKAXIS-FDRL0001282-109819045664-UPI,"['UPI', 'AMITH', 'KUMAR', 'R', 'AMITHSHREEMOBILES', 'OKAXIS', 'FDRL0001282', '109819045664', 'UPI']",Utility
24,08/04/21,POS 435584XXXXXX8149 T NAGAR THIRUMAL,08/04/21,164.5,,POS 435584XXXXXX8149 T NAGAR THIRUMAL,"['POS', '435584XXXXXX8149', 'T', 'NAGAR', 'THIRUMAL']",
25,09/04/21,ACH C- IOCL-00000000000009930068,09/04/21,,3,ACH C- IOCL-00000000000009930068,"['ACH', 'C', 'IOCL', '00000000000009930068']",
26,09/04/21,UPI-ZERODHA BROKING LTD-ZERODHABROKING@HDFCBANK-HDFC0000523-109915922589-KITE DEPOSIT 30733,09/04/21,50000,,UPI-ZERODHA BROKING LTD-ZERODHABROKING@HDFCBANK-HDFC0000523-109915922589-KITE DEPOSIT 30733,"['UPI', 'ZERODHA', 'BROKING', 'LTD', 'ZERODHABROKING', 'HDFCBANK', 'HDFC0000523', '109915922589', 'KITE', 'DEPOSIT', '30733']",Broker
27,09/04/21,UPI-K  SURYA-SURYAK23467-1@OKAXIS-IOBA0002279-109915319003-UPI,09/04/21,662,,UPI-K  SURYA-SURYAK23467-1@OKAXIS-IOBA0002279-109915319003-UPI,"['UPI', 'K', 'SURYA', 'SURYAK23467', '1', 'OKAXIS', 'IOBA0002279', '109915319003', 'UPI']",Utility
28,09/04/21,UPI-MAHENDRAN K M-SRIMURUGANSUPERMARKET1969@OKHDFCBANK-HDFC0001864-109917166593-UPI,09/04/21,94,,UPI-MAHENDRAN K M-SRIMURUGANSUPERMARKET1969@OKHDFCBANK-HDFC0001864-109917166593-UPI,"['UPI', 'MAHENDRAN', 'K', 'M', 'SRIMURUGANSUPERMARKET1969', 'OKHDFCBANK', 'HDFC0001864', '109917166593', 'UPI']",Utility
29,10/04/21,UPI-ZOMATO-ZOMATO-ORDER@PAYTM-PYTM0123456-110021411504-ZOMATO PAYMENT,10/04/21,531.5,,UPI-ZOMATO-ZOMATO-ORDER@PAYTM-PYTM0123456-110021411504-ZOMATO PAYMENT,"['UPI', 'ZOMATO', 'ZOMATO', 'ORDER', 'PAYTM', 'PYTM0123456', '110021411504', 'ZOMATO', 'PAYMENT']",Online Food
30,11/04/21,UPI-MR JOSEPH KULASEKARA-JOSEPHKULASEKARAN27@OKAXIS-IDIB000M206-110112699305-UPI,11/04/21,95,,UPI-MR JOSEPH KULASEKARA-JOSEPHKULASEKARAN27@OKAXIS-IDIB000M206-110112699305-UPI,"['UPI', 'MR', 'JOSEPH', 'KULASEKARA', 'JOSEPHKULASEKARAN27', 'OKAXIS', 'IDIB000M206', '110112699305', 'UPI']",Utility
31,11/04/21,UPI-ZOMATO-ZOMATO-ORDER@PAYTM-PYTM0123456-110113385603-ZOMATO PAYMENT,11/04/21,1214.4,,UPI-ZOMATO-ZOMATO-ORDER@PAYTM-PYTM0123456-110113385603-ZOMATO PAYMENT,"['UPI', 'ZOMATO', 'ZOMATO', 'ORDER', 'PAYTM', 'PYTM0123456', '110113385603', 'ZOMATO', 'PAYMENT']",Online Food
32,12/04/21,UPI-RAJARAM R-Q93261994@YBL-BKID0008009-110219095820-UPI,12/04/21,40,,UPI-RAJARAM R-Q93261994@YBL-BKID0008009-110219095820-UPI,"['UPI', 'RAJARAM', 'R', 'Q93261994', 'YBL', 'BKID0008009', '110219095820', 'UPI']",Utility
33,12/04/21,UPI-DECATHLON-DECATHLON@YBL-YESB0YBLUPI-110221472779-PAYMENT FOR 701442,12/04/21,598,,UPI-DECATHLON-DECATHLON@YBL-YESB0YBLUPI-110221472779-PAYMENT FOR 701442,"['UPI', 'DECATHLON', 'DECATHLON', 'YBL', 'YESB0YBLUPI', '110221472779', 'PAYMENT', 'FOR', '701442']",
34,13/04/21,UPI-ZOMATO-ZOMATO-ORDER@PAYTM-PYTM0123456-110316049060-ZOMATO PAYMENT,13/04/21,243,,UPI-ZOMATO-ZOMATO-ORDER@PAYTM-PYTM0123456-110316049060-ZOMATO PAYMENT,"['UPI', 'ZOMATO', 'ZOMATO', 'ORDER', 'PAYTM', 'PYTM0123456', '110316049060', 'ZOMATO', 'PAYMENT']",Online Food
35,13/04/21,UPI-ZOMATO-ZOMATO-ORDER@PAYTM-PYTM0123456-110318233686-ZOMATO PAYMENT,13/04/21,106.96,,UPI-ZOMATO-ZOMATO-ORDER@PAYTM-PYTM0123456-110318233686-ZOMATO PAYMENT,"['UPI', 'ZOMATO', 'ZOMATO', 'ORDER', 'PAYTM', 'PYTM0123456', '110318233686', 'ZOMATO', 'PAYMENT']",Online Food
36,13/04/21,UPI-ZOMATO-ZOMATO-ORDER@PAYTM-PYTM0123456-110319123728-ZOMATO PAYMENT,13/04/21,128.26,,UPI-ZOMATO-ZOMATO-ORDER@PAYTM-PYTM0123456-110319123728-ZOMATO PAYMENT,"['UPI', 'ZOMATO', 'ZOMATO', 'ORDER', 'PAYTM', 'PYTM0123456', '110319123728', 'ZOMATO', 'PAYMENT']",Online Food
37,13/04/21,UPI-ANIRUDH M-ANIRUDH.MRL@OKHDFCBANK-HDFC0001871-110323157587-UPI,13/04/21,,317,UPI-ANIRUDH M-ANIRUDH.MRL@OKHDFCBANK-HDFC0001871-110323157587-UPI,"['UPI', 'ANIRUDH', 'M', 'ANIRUDH', 'MRL', 'OKHDFCBANK', 'HDFC0001871', '110323157587', 'UPI']",Utility
38,13/04/21,UPI-AKSHAY R-AKSHAY.RADHAVASAN@OKHDFCBANK-HDFC0009095-110323162539-UPI,13/04/21,,317,UPI-AKSHAY R-AKSHAY.RADHAVASAN@OKHDFCBANK-HDFC0009095-110323162539-UPI,"['UPI', 'AKSHAY', 'R', 'AKSHAY', 'RADHAVASAN', 'OKHDFCBANK', 'HDFC0009095', '110323162539', 'UPI']",Utility
39,13/04/21,UPI-MADHAV  GOPAL-MADHAV0908@OKSBI-SBIN0001055-110323046636-MADHAV AND VICHI,13/04/21,,600,UPI-MADHAV  GOPAL-MADHAV0908@OKSBI-SBIN0001055-110323046636-MADHAV AND VICHI,"['UPI', 'MADHAV', 'GOPAL', 'MADHAV0908', 'OKSBI', 'SBIN0001055', '110323046636', 'MADHAV', 'AND', 'VICHI']",
40,13/04/21,UPI-TURF TOWN SPORTING P-EZE0020069@CUB-CIUB0000339-110323166583-UPI,13/04/21,1850,,UPI-TURF TOWN SPORTING P-EZE0020069@CUB-CIUB0000339-110323166583-UPI,"['UPI', 'TURF', 'TOWN', 'SPORTING', 'P', 'EZE0020069', 'CUB', 'CIUB0000339', '110323166583', 'UPI']",Utility
41,14/04/21,UPI-ADITHYA T-BUNTY.95ADITHYA@OKICICI-KVBL0001213-110400364637-TIKI TAKA,14/04/21,,217,UPI-ADITHYA T-BUNTY.95ADITHYA@OKICICI-KVBL0001213-110400364637-TIKI TAKA,"['UPI', 'ADITHYA', 'T', 'BUNTY', '95ADITHYA', 'OKICICI', 'KVBL0001213', '110400364637', 'TIKI', 'TAKA']",
42,14/04/21,UPI-ZOMATO-ZOMATO-ORDER@PAYTM-PYTM0123456-110415565706-ZOMATO PAYMENT,14/04/21,213.07,,UPI-ZOMATO-ZOMATO-ORDER@PAYTM-PYTM0123456-110415565706-ZOMATO PAYMENT,"['UPI', 'ZOMATO', 'ZOMATO', 'ORDER', 'PAYTM', 'PYTM0123456', '110415565706', 'ZOMATO', 'PAYMENT']",Online Food
43,14/04/21,UPI-MAHENDRAN K M-SRIMURUGANSUPERMARKET1969@OKHDFCBANK-HDFC0001864-110419857067-UPI,14/04/21,83,,UPI-MAHENDRAN K M-SRIMURUGANSUPERMARKET1969@OKHDFCBANK-HDFC0001864-110419857067-UPI,"['UPI', 'MAHENDRAN', 'K', 'M', 'SRIMURUGANSUPERMARKET1969', 'OKHDFCBANK', 'HDFC0001864', '110419857067', 'UPI']",Utility
44,15/04/21,UPI-JOHN BRITTO-7010668784@UPI-SIBL0000110-110511726511-UPI,15/04/21,595,,UPI-JOHN BRITTO-7010668784@UPI-SIBL0000110-110511726511-UPI,"['UPI', 'JOHN', 'BRITTO', '7010668784', 'UPI', 'SIBL0000110', '110511726511', 'UPI']",Utility
45,15/04/21,UPI-ZOMATO-ZOMATO-ORDER@PAYTM-PYTM0123456-110516381422-ZOMATO PAYMENT,15/04/21,141.35,,UPI-ZOMATO-ZOMATO-ORDER@PAYTM-PYTM0123456-110516381422-ZOMATO PAYMENT,"['UPI', 'ZOMATO', 'ZOMATO', 'ORDER', 'PAYTM', 'PYTM0123456', '110516381422', 'ZOMATO', 'PAYMENT']",Online Food
46,16/04/21,UPI-ZERODHA BROKING LTD-ZERODHABROKING@HDFCBANK-HDFC0000523-110610318780-KITE DEPOSIT 29532,16/04/21,50000,,UPI-ZERODHA BROKING LTD-ZERODHABROKING@HDFCBANK-HDFC0000523-110610318780-KITE DEPOSIT 29532,"['UPI', 'ZERODHA', 'BROKING', 'LTD', 'ZERODHABROKING', 'HDFCBANK', 'HDFC0000523', '110610318780', 'KITE', 'DEPOSIT', '29532']",Broker
47,16/04/21,UPI-AMAZON SELLER SERVIC-AMAZONSELLERSERVICES.98397377@HDFCBANK-HDFC0000499-110612228376-UPI,16/04/21,1236.16,,UPI-AMAZON SELLER SERVIC-AMAZONSELLERSERVICES.98397377@HDFCBANK-HDFC0000499-110612228376-UPI,"['UPI', 'AMAZON', 'SELLER', 'SERVIC', 'AMAZONSELLERSERVICES', '98397377', 'HDFCBANK', 'HDFC0000499', '110612228376', 'UPI']",Utility
48,17/04/21,UPI-MR KISHORE KUMAR NAH-KISHORE.NAHAR007@OKAXIS-IDIB000G079-110709376564-UPI,17/04/21,2000,,UPI-MR KISHORE KUMAR NAH-KISHORE.NAHAR007@OKAXIS-IDIB000G079-110709376564-UPI,"['UPI', 'MR', 'KISHORE', 'KUMAR', 'NAH', 'KISHORE', 'NAHAR007', 'OKAXIS', 'IDIB000G079', '110709376564', 'UPI']",Utility
49,17/04/21,UPI-NILANI NALLAMUTHU-NILANI.NALLAMUTHU0901@OKICICI-UBIN0535214-110718676729-UPI,17/04/21,244.25,,UPI-NILANI NALLAMUTHU-NILANI.NALLAMUTHU0901@OKICICI-UBIN0535214-110718676729-UPI,"['UPI', 'NILANI', 'NALLAMUTHU', 'NILANI', 'NALLAMUTHU0901', 'OKICICI', 'UBIN0535214', '110718676729', 'UPI']",Utility
50,18/04/21,UPI-ZOMATO-ZOMATO-ORDER@PAYTM-PYTM0123456-110812691982-ZOMATO PAYMENT,18/04/21,376.27,,UPI-ZOMATO-ZOMATO-ORDER@PAYTM-PYTM0123456-110812691982-ZOMATO PAYMENT,"['UPI', 'ZOMATO', 'ZOMATO', 'ORDER', 'PAYTM', 'PYTM0123456', '110812691982', 'ZOMATO', 'PAYMENT']",Online Food
51,19/04/21,UPI-MR KISHORE KUMAR NAH-KISHORE.NAHAR007@OKAXIS-IDIB000G079-110909595550-UPI,19/04/21,800,,UPI-MR KISHORE KUMAR NAH-KISHORE.NAHAR007@OKAXIS-IDIB000G079-110909595550-UPI,"['UPI', 'MR', 'KISHORE', 'KUMAR', 'NAH', 'KISHORE', 'NAHAR007', 'OKAXIS', 'IDIB000G079', '110909595550', 'UPI']",Utility
52,19/04/21,UPI-MR SHAKSHI NAHAR-SHAKSHI.NAHAR2001@OKHDFCBANK-IDIB000G079-110915425971-UPI,19/04/21,100,,UPI-MR SHAKSHI NAHAR-SHAKSHI.NAHAR2001@OKHDFCBANK-IDIB000G079-110915425971-UPI,"['UPI', 'MR', 'SHAKSHI', 'NAHAR', 'SHAKSHI', 'NAHAR2001', 'OKHDFCBANK', 'IDIB000G079', '110915425971', 'UPI']",Utility
53,19/04/21,UPI-ZOMATO-ZOMATO@HDFCBANK-HDFC0000499-110918954586-ZOMATOONLINEORDER,19/04/21,143.07,,UPI-ZOMATO-ZOMATO@HDFCBANK-HDFC0000499-110918954586-ZOMATOONLINEORDER,"['UPI', 'ZOMATO', 'ZOMATO', 'HDFCBANK', 'HDFC0000499', '110918954586', 'ZOMATOONLINEORDER']",Online Food
54,20/04/21,NWD-435584XXXXXX8149-S1AG0791-CHENNAI,20/04/21,700,,NWD-435584XXXXXX8149-S1AG0791-CHENNAI,"['NWD', '435584XXXXXX8149', 'S1AG0791', 'CHENNAI']",
55,20/04/21,NWD-435584XXXXXX8149-S1AG0791-CHENNAI,20/04/21,400,,NWD-435584XXXXXX8149-S1AG0791-CHENNAI,"['NWD', '435584XXXXXX8149', 'S1AG0791', 'CHENNAI']",
56,21/04/21,UPI-ZOMATO-ZOMATO-ORDER@PAYTM-PYTM0123456-111115476308-ZOMATO PAYMENT,21/04/21,239.2,,UPI-ZOMATO-ZOMATO-ORDER@PAYTM-PYTM0123456-111115476308-ZOMATO PAYMENT,"['UPI', 'ZOMATO', 'ZOMATO', 'ORDER', 'PAYTM', 'PYTM0123456', '111115476308', 'ZOMATO', 'PAYMENT']",Online Food
57,22/04/21,UPI-PAYTM AIRTEL RECHARG-PAYAIR7673@PAYTM-PYTM0123456-111280554678-OID13343571337@PAY,22/04/21,199,,UPI-PAYTM AIRTEL RECHARG-PAYAIR7673@PAYTM-PYTM0123456-111280554678-OID13343571337@PAY,"['UPI', 'PAYTM', 'AIRTEL', 'RECHARG', 'PAYAIR7673', 'PAYTM', 'PYTM0123456', '111280554678', 'OID13343571337', 'PAY']",Recharge and Subcription
58,22/04/21,UPI-SHREYA KISHORE NAHAR-SHREYA.NAHAR1998@OKHDFCBANK-HDFC0000082-111215555734-UPI,22/04/21,1000,,UPI-SHREYA KISHORE NAHAR-SHREYA.NAHAR1998@OKHDFCBANK-HDFC0000082-111215555734-UPI,"['UPI', 'SHREYA', 'KISHORE', 'NAHAR', 'SHREYA', 'NAHAR1998', 'OKHDFCBANK', 'HDFC0000082', '111215555734', 'UPI']",Utility
59,22/04/21,UPI-MAHALAKSHMI N-MAHA1965LAKSH@OKICICI-KARB0000488-111216917918-UPI,22/04/21,24000,,UPI-MAHALAKSHMI N-MAHA1965LAKSH@OKICICI-KARB0000488-111216917918-UPI,"['UPI', 'MAHALAKSHMI', 'N', 'MAHA1965LAKSH', 'OKICICI', 'KARB0000488', '111216917918', 'UPI']",Utility
60,22/04/21,POS 435584XXXXXX8149 T NAGAR THIRUMAL,22/04/21,107.5,,POS 435584XXXXXX8149 T NAGAR THIRUMAL,"['POS', '435584XXXXXX8149', 'T', 'NAGAR', 'THIRUMAL']",
61,22/04/21,UPI-ZOMATO-ZOMATO-ORDER@PAYTM-PYTM0123456-111218239558-ZOMATO PAYMENT,22/04/21,118.05,,UPI-ZOMATO-ZOMATO-ORDER@PAYTM-PYTM0123456-111218239558-ZOMATO PAYMENT,"['UPI', 'ZOMATO', 'ZOMATO', 'ORDER', 'PAYTM', 'PYTM0123456', '111218239558', 'ZOMATO', 'PAYMENT']",Online Food
62,23/04/21,INST-ALERT CHG INC GST JAN-MAR2021-MIR2110910895621,23/04/21,17.7,,INST-ALERT CHG INC GST JAN-MAR2021-MIR2110910895621,"['INST', 'ALERT', 'CHG', 'INC', 'GST', 'JAN', 'MAR2021', 'MIR2110910895621']",
63,23/04/21,UPI-FLIPKART-FLIPKART.PAYU@HDFCBANK-HDFC0000499-111318192982-UPI TRANSACTION,23/04/21,1291,,UPI-FLIPKART-FLIPKART.PAYU@HDFCBANK-HDFC0000499-111318192982-UPI TRANSACTION,"['UPI', 'FLIPKART', 'FLIPKART', 'PAYU', 'HDFCBANK', 'HDFC0000499', '111318192982', 'UPI', 'TRANSACTION']",Online Shoping
64,23/04/21,UPI-ZOMATO-ZOMATO-ORDER@PAYTM-PYTM0123456-111319288655-ZOMATO PAYMENT,23/04/21,240,,UPI-ZOMATO-ZOMATO-ORDER@PAYTM-PYTM0123456-111319288655-ZOMATO PAYMENT,"['UPI', 'ZOMATO', 'ZOMATO', 'ORDER', 'PAYTM', 'PYTM0123456', '111319288655', 'ZOMATO', 'PAYMENT']",Online Food
65,23/04/21,UPI-ZOMATO-ZOMATO-ORDER@PAYTM-PYTM0123456-111321942912-ZOMATO PAYMENT,23/04/21,293.02,,UPI-ZOMATO-ZOMATO-ORDER@PAYTM-PYTM0123456-111321942912-ZOMATO PAYMENT,"['UPI', 'ZOMATO', 'ZOMATO', 'ORDER', 'PAYTM', 'PYTM0123456', '111321942912', 'ZOMATO', 'PAYMENT']",Online Food
66,24/04/21,UPI-MAHENDRAN K M-SRIMURUGANSUPERMARKET1969@OKHDFCBANK-HDFC0001864-111415419138-UPI,24/04/21,131,,UPI-MAHENDRAN K M-SRIMURUGANSUPERMARKET1969@OKHDFCBANK-HDFC0001864-111415419138-UPI,"['UPI', 'MAHENDRAN', 'K', 'M', 'SRIMURUGANSUPERMARKET1969', 'OKHDFCBANK', 'HDFC0001864', '111415419138', 'UPI']",Utility
67,24/04/21,UPI-ZOMATO-ZOMATO-ORDER@PAYTM-PYTM0123456-111417288245-ZOMATO PAYMENT,24/04/21,133.2,,UPI-ZOMATO-ZOMATO-ORDER@PAYTM-PYTM0123456-111417288245-ZOMATO PAYMENT,"['UPI', 'ZOMATO', 'ZOMATO', 'ORDER', 'PAYTM', 'PYTM0123456', '111417288245', 'ZOMATO', 'PAYMENT']",Online Food
68,25/04/21,UPI-SWIGGY-SWIGGYUPI@AXISBANK-UTIB0000000-111518999029-SWIGGY ORDER ID 10,25/04/21,157,,UPI-SWIGGY-SWIGGYUPI@AXISBANK-UTIB0000000-111518999029-SWIGGY ORDER ID 10,"['UPI', 'SWIGGY', 'SWIGGYUPI', 'AXISBANK', 'UTIB0000000', '111518999029', 'SWIGGY', 'ORDER', 'ID', '10']",Online Food
69,26/04/21,UPI-ZOMATO-ZOMATO-ORDER@PAYTM-PYTM0123456-111607097814-ZOMATO PAYMENT,26/04/21,124.8,,UPI-ZOMATO-ZOMATO-ORDER@PAYTM-PYTM0123456-111607097814-ZOMATO PAYMENT,"['UPI', 'ZOMATO', 'ZOMATO', 'ORDER', 'PAYTM', 'PYTM0123456', '111607097814', 'ZOMATO', 'PAYMENT']",Online Food
70,26/04/21,UPI-ZERODHA BROKING LTD-ZERODHABROKING@HDFCBANK-HDFC0000523-111612684724-ZERODHA EQUITY 687,26/04/21,25000,,UPI-ZERODHA BROKING LTD-ZERODHABROKING@HDFCBANK-HDFC0000523-111612684724-ZERODHA EQUITY 687,"['UPI', 'ZERODHA', 'BROKING', 'LTD', 'ZERODHABROKING', 'HDFCBANK', 'HDFC0000523', '111612684724', 'ZERODHA', 'EQUITY', '687']",Broker
71,26/04/21,UPI-ZOMATO-ZOMATO@HDFCBANK-HDFC0000499-111617883977-ZOMATOONLINEORDER,26/04/21,125.09,,UPI-ZOMATO-ZOMATO@HDFCBANK-HDFC0000499-111617883977-ZOMATOONLINEORDER,"['UPI', 'ZOMATO', 'ZOMATO', 'HDFCBANK', 'HDFC0000499', '111617883977', 'ZOMATOONLINEORDER']",Online Food
72,27/04/21,"NEFT DR-PUNB0668200-ROHAN-NETBANK, MUM-N117211485790547-FUNDS",27/04/21,44921.25,,"NEFT DR-PUNB0668200-ROHAN-NETBANK, MUM-N117211485790547-FUNDS","['NEFT', 'DR', 'PUNB0668200', 'ROHAN', 'NETBANK', 'MUM', 'N117211485790547', 'FUNDS']",Funds Transfer
73,27/04/21,UPI-ZOMATO-ZOMATO-ORDER@PAYTM-PYTM0123456-111715353032-ZOMATO PAYMENT,27/04/21,158,,UPI-ZOMATO-ZOMATO-ORDER@PAYTM-PYTM0123456-111715353032-ZOMATO PAYMENT,"['UPI', 'ZOMATO', 'ZOMATO', 'ORDER', 'PAYTM', 'PYTM0123456', '111715353032', 'ZOMATO', 'PAYMENT']",Online Food
74,28/04/21,UPI-ZOMATO-ZOMATO-ORDER@PAYTM-PYTM0123456-111807924757-ZOMATO PAYMENT,28/04/21,124.8,,UPI-ZOMATO-ZOMATO-ORDER@PAYTM-PYTM0123456-111807924757-ZOMATO PAYMENT,"['UPI', 'ZOMATO', 'ZOMATO', 'ORDER', 'PAYTM', 'PYTM0123456', '111807924757', 'ZOMATO', 'PAYMENT']",Online Food
75,28/04/21,UPI-MAHENDRAN K M-SRIMURUGANSUPERMARKET1969@OKHDFCBANK-HDFC0001864-111819039862-THE,28/04/21,164,,UPI-MAHENDRAN K M-SRIMURUGANSUPERMARKET1969@OKHDFCBANK-HDFC0001864-111819039862-THE,"['UPI', 'MAHENDRAN', 'K', 'M', 'SRIMURUGANSUPERMARKET1969', 'OKHDFCBANK', 'HDFC0001864', '111819039862', 'THE']",
76,29/04/21,UPI-ZOMATO-ZOMATO@HDFCBANK-HDFC0000499-111907025188-ZOMATOONLINEORDER,29/04/21,187,,UPI-ZOMATO-ZOMATO@HDFCBANK-HDFC0000499-111907025188-ZOMATOONLINEORDER,"['UPI', 'ZOMATO', 'ZOMATO', 'HDFCBANK', 'HDFC0000499', '111907025188', 'ZOMATOONLINEORDER']",Online Food
77,29/04/21,UPI-ZERODHA BROKING LTD-ZERODHABROKING@HDFCBANK-HDFC0000523-111912616791-ZERODHA EQUITY 954,29/04/21,25000,,UPI-ZERODHA BROKING LTD-ZERODHABROKING@HDFCBANK-HDFC0000523-111912616791-ZERODHA EQUITY 954,"['UPI', 'ZERODHA', 'BROKING', 'LTD', 'ZERODHABROKING', 'HDFCBANK', 'HDFC0000523', '111912616791', 'ZERODHA', 'EQUITY', '954']",Broker
78,29/04/21,UPI-RAZORPAYZOMATO-ZOMATOINDIA@ICICI-ICIC0000001-111914441455-ZOMATOONLINEORDER,29/04/21,713.45,,UPI-RAZORPAYZOMATO-ZOMATOINDIA@ICICI-ICIC0000001-111914441455-ZOMATOONLINEORDER,"['UPI', 'RAZORPAYZOMATO', 'ZOMATOINDIA', 'ICICI', 'ICIC0000001', '111914441455', 'ZOMATOONLINEORDER']",
79,30/04/21,UPI-MCRENNETT  HABIBULLA-Q83032856@YBL-YESB0YBLUPI-112020946065-UPI,30/04/21,91,,UPI-MCRENNETT  HABIBULLA-Q83032856@YBL-YESB0YBLUPI-112020946065-UPI,"['UPI', 'MCRENNETT', 'HABIBULLA', 'Q83032856', 'YBL', 'YESB0YBLUPI', '112020946065', 'UPI']",Utility
80,01/05/21,UPI-RAJAMMA-Q77223686@YBL-FDRL0001386-112122736133-THE,01/05/21,10,,UPI-RAJAMMA-Q77223686@YBL-FDRL0001386-112122736133-THE,"['UPI', 'RAJAMMA', 'Q77223686', 'YBL', 'FDRL0001386', '112122736133', 'THE']",
81,02/05/21,UPI-ZOMATO-ZOMATO-ORDER@PAYTM-PYTM0123456-112208723651-ZOMATO PAYMENT,02/05/21,255,,UPI-ZOMATO-ZOMATO-ORDER@PAYTM-PYTM0123456-112208723651-ZOMATO PAYMENT,"['UPI', 'ZOMATO', 'ZOMATO', 'ORDER', 'PAYTM', 'PYTM0123456', '112208723651', 'ZOMATO', 'PAYMENT']",Online Food
82,02/05/21,UPI-RAZORPAYZOMATO-ZOMATOINDIA@ICICI-ICIC0000001-112220978804-ZOMATOONLINEORDER,02/05/21,333,,UPI-RAZORPAYZOMATO-ZOMATOINDIA@ICICI-ICIC0000001-112220978804-ZOMATOONLINEORDER,"['UPI', 'RAZORPAYZOMATO', 'ZOMATOINDIA', 'ICICI', 'ICIC0000001', '112220978804', 'ZOMATOONLINEORDER']",
83,03/05/21,UPI-SWIGGY-SWIGGYUPI@AXISBANK-UTIB0000000-112313144985-SWIGGY ORDER ID 10,03/05/21,204,,UPI-SWIGGY-SWIGGYUPI@AXISBANK-UTIB0000000-112313144985-SWIGGY ORDER ID 10,"['UPI', 'SWIGGY', 'SWIGGYUPI', 'AXISBANK', 'UTIB0000000', '112313144985', 'SWIGGY', 'ORDER', 'ID', '10']",Online Food
84,03/05/21,UPI-ZOMATO-ZOMATO-ORDER@PAYTM-PYTM0123456-112317057317-ZOMATO PAYMENT,03/05/21,217.5,,UPI-ZOMATO-ZOMATO-ORDER@PAYTM-PYTM0123456-112317057317-ZOMATO PAYMENT,"['UPI', 'ZOMATO', 'ZOMATO', 'ORDER', 'PAYTM', 'PYTM0123456', '112317057317', 'ZOMATO', 'PAYMENT']",Online Food
85,03/05/21,UPI-KAPOOR CHAND-AMZN0004251406@APL-PUNB0673800-112317223124-UPI,03/05/21,30,,UPI-KAPOOR CHAND-AMZN0004251406@APL-PUNB0673800-112317223124-UPI,"['UPI', 'KAPOOR', 'CHAND', 'AMZN0004251406', 'APL', 'PUNB0673800', '112317223124', 'UPI']",Utility
86,03/05/21,UPI-BHARATPEMERCHANT-BHARATPE.9042524061@ICICI-ICIC0000001-112317232898-PAY TO BROWN TREE,03/05/21,50,,UPI-BHARATPEMERCHANT-BHARATPE.9042524061@ICICI-ICIC0000001-112317232898-PAY TO BROWN TREE,"['UPI', 'BHARATPEMERCHANT', 'BHARATPE', '9042524061', 'ICICI', 'ICIC0000001', '112317232898', 'PAY', 'TO', 'BROWN', 'TREE']",
87,03/05/21,UPI-BHARATPEMERCHANT-BHARATPE.9042524061@ICICI-ICIC0000001-112317244756-PAY TO BROWN TREE,03/05/21,99,,UPI-BHARATPEMERCHANT-BHARATPE.9042524061@ICICI-ICIC0000001-112317244756-PAY TO BROWN TREE,"['UPI', 'BHARATPEMERCHANT', 'BHARATPE', '9042524061', 'ICICI', 'ICIC0000001', '112317244756', 'PAY', 'TO', 'BROWN', 'TREE']",
88,03/05/21,UPI-SWIGGY-SWIGGYUPI@AXISBANK-UTIB0000000-112321003522-SWIGGY ORDER ID 10,03/05/21,141,,UPI-SWIGGY-SWIGGYUPI@AXISBANK-UTIB0000000-112321003522-SWIGGY ORDER ID 10,"['UPI', 'SWIGGY', 'SWIGGYUPI', 'AXISBANK', 'UTIB0000000', '112321003522', 'SWIGGY', 'ORDER', 'ID', '10']",Online Food
89,03/05/21,IB FUNDS TRANSFER DR-50100416578348  -SHREYANS NAHAR,03/05/21,200000,,IB FUNDS TRANSFER DR-50100416578348  -SHREYANS NAHAR,"['IB', 'FUNDS', 'TRANSFER', 'DR', '50100416578348', 'SHREYANS', 'NAHAR']",
90,04/05/21,UPI-NAGARAJ  T-Q17451014@YBL-SBIN0014203-112417915348-UPI,04/05/21,200,,UPI-NAGARAJ  T-Q17451014@YBL-SBIN0014203-112417915348-UPI,"['UPI', 'NAGARAJ', 'T', 'Q17451014', 'YBL', 'SBIN0014203', '112417915348', 'UPI']",Utility
91,04/05/21,UPI-ZOMATO-ZOMATO-ORDER@PAYTM-PYTM0123456-112418319250-ZOMATO PAYMENT,04/05/21,130.05,,UPI-ZOMATO-ZOMATO-ORDER@PAYTM-PYTM0123456-112418319250-ZOMATO PAYMENT,"['UPI', 'ZOMATO', 'ZOMATO', 'ORDER', 'PAYTM', 'PYTM0123456', '112418319250', 'ZOMATO', 'PAYMENT']",Online Food
92,05/05/21,UPI-RAZORPAYZOMATO-ZOMATOINDIA@ICICI-ICIC0000001-112507696460-ZOMATOONLINEORDER,05/05/21,150.73,,UPI-RAZORPAYZOMATO-ZOMATOINDIA@ICICI-ICIC0000001-112507696460-ZOMATOONLINEORDER,"['UPI', 'RAZORPAYZOMATO', 'ZOMATOINDIA', 'ICICI', 'ICIC0000001', '112507696460', 'ZOMATOONLINEORDER']",
93,06/05/21,UPI-MR KISHORE KUMAR NAH-KISHORE.NAHAR007@OKAXIS-IDIB000G079-112610362024-UPI,06/05/21,1000,,UPI-MR KISHORE KUMAR NAH-KISHORE.NAHAR007@OKAXIS-IDIB000G079-112610362024-UPI,"['UPI', 'MR', 'KISHORE', 'KUMAR', 'NAH', 'KISHORE', 'NAHAR007', 'OKAXIS', 'IDIB000G079', '112610362024', 'UPI']",Utility
94,07/05/21,UPI-ZOMATO-ZOMATO-ORDER@PAYTM-PYTM0123456-112718078039-ZOMATO PAYMENT,07/05/21,131.44,,UPI-ZOMATO-ZOMATO-ORDER@PAYTM-PYTM0123456-112718078039-ZOMATO PAYMENT,"['UPI', 'ZOMATO', 'ZOMATO', 'ORDER', 'PAYTM', 'PYTM0123456', '112718078039', 'ZOMATO', 'PAYMENT']",Online Food
95,08/05/21,UPI-RPANNEERSELVAM-PANNERSELVAM76@OKAXIS-LAVB0000431-112813959062-UPI,08/05/21,4000,,UPI-RPANNEERSELVAM-PANNERSELVAM76@OKAXIS-LAVB0000431-112813959062-UPI,"['UPI', 'RPANNEERSELVAM', 'PANNERSELVAM76', 'OKAXIS', 'LAVB0000431', '112813959062', 'UPI']",Utility
96,08/05/21,POS 435584XXXXXX8149 JUST BUY CYCLES,08/05/21,16911,,POS 435584XXXXXX8149 JUST BUY CYCLES,"['POS', '435584XXXXXX8149', 'JUST', 'BUY', 'CYCLES']",
97,08/05/21,UPI-FLIPKART INTERNET PV-FLIPKART1@INDUS-INDB0002201-112819818722-UPI TRANSACTION,08/05/21,359,,UPI-FLIPKART INTERNET PV-FLIPKART1@INDUS-INDB0002201-112819818722-UPI TRANSACTION,"['UPI', 'FLIPKART', 'INTERNET', 'PV', 'FLIPKART1', 'INDUS', 'INDB0002201', '112819818722', 'UPI', 'TRANSACTION']",Online Shoping
98,08/05/21,UPI-DURGA PRASAD  UPADHY-DURGAPRASADUPADHYAY18-3@OKSBI-SBIN0018393-112820403901-UPI,08/05/21,30,,UPI-DURGA PRASAD  UPADHY-DURGAPRASADUPADHYAY18-3@OKSBI-SBIN0018393-112820403901-UPI,"['UPI', 'DURGA', 'PRASAD', 'UPADHY', 'DURGAPRASADUPADHYAY18', '3', 'OKSBI', 'SBIN0018393', '112820403901', 'UPI']",Utility
99,09/05/21,UPI-DURGA PRASAD  UPADHY-DURGAPRASADUPADHYAY18-3@OKSBI-SBIN0018393-112918363157-UPI,09/05/21,30,,UPI-DURGA PRASAD  UPADHY-DURGAPRASADUPADHYAY18-3@OKSBI-SBIN0018393-112918363157-UPI,"['UPI', 'DURGA', 'PRASAD', 'UPADHY', 'DURGAPRASADUPADHYAY18', '3', 'OKSBI', 'SBIN0018393', '112918363157', 'UPI']",Utility
100,09/05/21,UPI-BALAJI SANDWICH EGMO-PAYTMQR281005050101GUR1JA28IFDE@PAYTM-PYTM0123456-112918685161-UPI,09/05/21,20,,UPI-BALAJI SANDWICH EGMO-PAYTMQR281005050101GUR1JA28IFDE@PAYTM-PYTM0123456-112918685161-UPI,"['UPI', 'BALAJI', 'SANDWICH', 'EGMO', 'PAYTMQR281005050101GUR1JA28IFDE', 'PAYTM', 'PYTM0123456', '112918685161', 'UPI']",Utility
101,09/05/21,UPI-S DIVYA-PAYTMQR2810050501011K7JHXYYIKIZ@PAYTM-PYTM0123456-112918711353-UPI,09/05/21,20,,UPI-S DIVYA-PAYTMQR2810050501011K7JHXYYIKIZ@PAYTM-PYTM0123456-112918711353-UPI,"['UPI', 'S', 'DIVYA', 'PAYTMQR2810050501011K7JHXYYIKIZ', 'PAYTM', 'PYTM0123456', '112918711353', 'UPI']",Utility
102,09/05/21,UPI-RAZORPAYZOMATO-ZOMATOINDIA@ICICI-ICIC0000001-112920492423-ZOMATOONLINEORDER,09/05/21,155.8,,UPI-RAZORPAYZOMATO-ZOMATOINDIA@ICICI-ICIC0000001-112920492423-ZOMATOONLINEORDER,"['UPI', 'RAZORPAYZOMATO', 'ZOMATOINDIA', 'ICICI', 'ICIC0000001', '112920492423', 'ZOMATOONLINEORDER']",
103,09/05/21,UPI-SWIGGY-UPISWIGGY@ICICI-ICIC0000001-112920071185-PAYMENT FOR SWIGGY,09/05/21,169,,UPI-SWIGGY-UPISWIGGY@ICICI-ICIC0000001-112920071185-PAYMENT FOR SWIGGY,"['UPI', 'SWIGGY', 'UPISWIGGY', 'ICICI', 'ICIC0000001', '112920071185', 'PAYMENT', 'FOR', 'SWIGGY']",Online Food
104,09/05/21,UPI-SWIGGY-UPISWIGGY@ICICI-ICIC0000001-112921452885-TXN FAILED AT MERC,09/05/21,,169,UPI-SWIGGY-UPISWIGGY@ICICI-ICIC0000001-112921452885-TXN FAILED AT MERC,"['UPI', 'SWIGGY', 'UPISWIGGY', 'ICICI', 'ICIC0000001', '112921452885', 'TXN', 'FAILED', 'AT', 'MERC']",Online Food
105,10/05/21,UPI-ZERODHA BROKING LTD-ZERODHABROKING@HDFCBANK-HDFC0000523-113009948332-ZERODHA EQUITY 756,10/05/21,50000,,UPI-ZERODHA BROKING LTD-ZERODHABROKING@HDFCBANK-HDFC0000523-113009948332-ZERODHA EQUITY 756,"['UPI', 'ZERODHA', 'BROKING', 'LTD', 'ZERODHABROKING', 'HDFCBANK', 'HDFC0000523', '113009948332', 'ZERODHA', 'EQUITY', '756']",Broker
106,10/05/21,UPI-ZOMATO-ZOMATO-ORDER@PAYTM-PYTM0123456-113019216082-ZOMATO PAYMENT,10/05/21,160.28,,UPI-ZOMATO-ZOMATO-ORDER@PAYTM-PYTM0123456-113019216082-ZOMATO PAYMENT,"['UPI', 'ZOMATO', 'ZOMATO', 'ORDER', 'PAYTM', 'PYTM0123456', '113019216082', 'ZOMATO', 'PAYMENT']",Online Food
107,10/05/21,UPI-SWIGGY-SWIGGYUPI@AXISBANK-UTIB0000000-113020458017-SWIGGY ORDER ID 10,10/05/21,154,,UPI-SWIGGY-SWIGGYUPI@AXISBANK-UTIB0000000-113020458017-SWIGGY ORDER ID 10,"['UPI', 'SWIGGY', 'SWIGGYUPI', 'AXISBANK', 'UTIB0000000', '113020458017', 'SWIGGY', 'ORDER', 'ID', '10']",Online Food
108,11/05/21,UPI-MR KISHORE KUMAR NAH-KISHORE.NAHAR007@OKAXIS-IDIB000G079-113111143059-UPI,11/05/21,2000,,UPI-MR KISHORE KUMAR NAH-KISHORE.NAHAR007@OKAXIS-IDIB000G079-113111143059-UPI,"['UPI', 'MR', 'KISHORE', 'KUMAR', 'NAH', 'KISHORE', 'NAHAR007', 'OKAXIS', 'IDIB000G079', '113111143059', 'UPI']",Utility
109,11/05/21,UPI-MR SHAKSHI NAHAR-SHAKSHI.NAHAR2001@OKHDFCBANK-IDIB000G079-113111154092-UPI,11/05/21,500,,UPI-MR SHAKSHI NAHAR-SHAKSHI.NAHAR2001@OKHDFCBANK-IDIB000G079-113111154092-UPI,"['UPI', 'MR', 'SHAKSHI', 'NAHAR', 'SHAKSHI', 'NAHAR2001', 'OKHDFCBANK', 'IDIB000G079', '113111154092', 'UPI']",Utility
110,11/05/21,UPI-ZERODHA-ZERODHA.RAZORPAY@ICICI-ICIC0000002-113112275233-ZERODHA 4148431785,11/05/21,25000,,UPI-ZERODHA-ZERODHA.RAZORPAY@ICICI-ICIC0000002-113112275233-ZERODHA 4148431785,"['UPI', 'ZERODHA', 'ZERODHA', 'RAZORPAY', 'ICICI', 'ICIC0000002', '113112275233', 'ZERODHA', '4148431785']",Broker
111,11/05/21,UPI-RAZORPAYZOMATO-ZOMATOINDIA@ICICI-ICIC0000001-113120456418-ZOMATOONLINEORDER,11/05/21,129.26,,UPI-RAZORPAYZOMATO-ZOMATOINDIA@ICICI-ICIC0000001-113120456418-ZOMATOONLINEORDER,"['UPI', 'RAZORPAYZOMATO', 'ZOMATOINDIA', 'ICICI', 'ICIC0000001', '113120456418', 'ZOMATOONLINEORDER']",
112,12/05/21,UPI-SHREYA KISHORE NAHAR-SHREYA.NAHAR1998@OKHDFCBANK-HDFC0000082-113213073499-UPI,12/05/21,500,,UPI-SHREYA KISHORE NAHAR-SHREYA.NAHAR1998@OKHDFCBANK-HDFC0000082-113213073499-UPI,"['UPI', 'SHREYA', 'KISHORE', 'NAHAR', 'SHREYA', 'NAHAR1998', 'OKHDFCBANK', 'HDFC0000082', '113213073499', 'UPI']",Utility
113,13/05/21,UPI-SWIGGY-SWIGGYUPI@AXISBANK-UTIB0000000-113319703013-SWIGGY ORDER ID 10,13/05/21,129,,UPI-SWIGGY-SWIGGYUPI@AXISBANK-UTIB0000000-113319703013-SWIGGY ORDER ID 10,"['UPI', 'SWIGGY', 'SWIGGYUPI', 'AXISBANK', 'UTIB0000000', '113319703013', 'SWIGGY', 'ORDER', 'ID', '10']",Online Food
114,13/05/21,UPI-RAZORPAYZOMATO-ZOMATOINDIA@ICICI-ICIC0000001-113319549008-ZOMATOONLINEORDER,13/05/21,128.8,,UPI-RAZORPAYZOMATO-ZOMATOINDIA@ICICI-ICIC0000001-113319549008-ZOMATOONLINEORDER,"['UPI', 'RAZORPAYZOMATO', 'ZOMATOINDIA', 'ICICI', 'ICIC0000001', '113319549008', 'ZOMATOONLINEORDER']",
115,14/05/21,UPI-MR KISHORE KUMAR NAH-KISHORE.NAHAR007@OKAXIS-IDIB000G079-113418933288-UPI,14/05/21,1000,,UPI-MR KISHORE KUMAR NAH-KISHORE.NAHAR007@OKAXIS-IDIB000G079-113418933288-UPI,"['UPI', 'MR', 'KISHORE', 'KUMAR', 'NAH', 'KISHORE', 'NAHAR007', 'OKAXIS', 'IDIB000G079', '113418933288', 'UPI']",Utility
116,15/05/21,UPI-SWIGGY-SWIGGYUPI@AXISBANK-UTIB0000000-113514683643-SWIGGY ORDER ID 10,15/05/21,109,,UPI-SWIGGY-SWIGGYUPI@AXISBANK-UTIB0000000-113514683643-SWIGGY ORDER ID 10,"['UPI', 'SWIGGY', 'SWIGGYUPI', 'AXISBANK', 'UTIB0000000', '113514683643', 'SWIGGY', 'ORDER', 'ID', '10']",Online Food
117,15/05/21,UPI-SWIGGY-SWIGGYUPI@AXISBANK-UTIB0000000-113520496024-SWIGGY ORDER ID 10,15/05/21,173,,UPI-SWIGGY-SWIGGYUPI@AXISBANK-UTIB0000000-113520496024-SWIGGY ORDER ID 10,"['UPI', 'SWIGGY', 'SWIGGYUPI', 'AXISBANK', 'UTIB0000000', '113520496024', 'SWIGGY', 'ORDER', 'ID', '10']",Online Food
118,16/05/21,UPI-SWIGGY-SWIGGYUPI@AXISBANK-UTIB0000000-113614925896-SWIGGY ORDER ID 10,16/05/21,152,,UPI-SWIGGY-SWIGGYUPI@AXISBANK-UTIB0000000-113614925896-SWIGGY ORDER ID 10,"['UPI', 'SWIGGY', 'SWIGGYUPI', 'AXISBANK', 'UTIB0000000', '113614925896', 'SWIGGY', 'ORDER', 'ID', '10']",Online Food
119,16/05/21,UPI-PAYTM AIRTEL RECHARG-PAYAIR7673@PAYTM-PYTM0123456-113685982323-OID13596632585@PAY,16/05/21,199,,UPI-PAYTM AIRTEL RECHARG-PAYAIR7673@PAYTM-PYTM0123456-113685982323-OID13596632585@PAY,"['UPI', 'PAYTM', 'AIRTEL', 'RECHARG', 'PAYAIR7673', 'PAYTM', 'PYTM0123456', '113685982323', 'OID13596632585', 'PAY']",Recharge and Subcription
120,17/05/21,UPI-FLIPKART-FLIPKART.PAYU@HDFCBANK-HDFC0000499-113702714361-UPI TRANSACTION,17/05/21,880,,UPI-FLIPKART-FLIPKART.PAYU@HDFCBANK-HDFC0000499-113702714361-UPI TRANSACTION,"['UPI', 'FLIPKART', 'FLIPKART', 'PAYU', 'HDFCBANK', 'HDFC0000499', '113702714361', 'UPI', 'TRANSACTION']",Online Shoping
121,18/05/21,UPI-COFFEE HOUSE AT MOUN-PAYTM-52005529@PAYTM-PYTM0123456-113818354943-UPI,18/05/21,15,,UPI-COFFEE HOUSE AT MOUN-PAYTM-52005529@PAYTM-PYTM0123456-113818354943-UPI,"['UPI', 'COFFEE', 'HOUSE', 'AT', 'MOUN', 'PAYTM', '52005529', 'PAYTM', 'PYTM0123456', '113818354943', 'UPI']",Utility
122,18/05/21,UPI-ZOMATO-ZOMATO-ORDER@PAYTM-PYTM0123456-113818722570-ZOMATO PAYMENT,18/05/21,160.28,,UPI-ZOMATO-ZOMATO-ORDER@PAYTM-PYTM0123456-113818722570-ZOMATO PAYMENT,"['UPI', 'ZOMATO', 'ZOMATO', 'ORDER', 'PAYTM', 'PYTM0123456', '113818722570', 'ZOMATO', 'PAYMENT']",Online Food
123,19/05/21,UPI-DAYASHANKAR  DUBEY-Q07099181@YBL-KKBK0008487-113921850483-UPI,19/05/21,40,,UPI-DAYASHANKAR  DUBEY-Q07099181@YBL-KKBK0008487-113921850483-UPI,"['UPI', 'DAYASHANKAR', 'DUBEY', 'Q07099181', 'YBL', 'KKBK0008487', '113921850483', 'UPI']",Utility
124,20/05/21,UPI-ZOMATO-ZOMATO-ORDER@PAYTM-PYTM0123456-114008157293-ZOMATO PAYMENT,20/05/21,136.19,,UPI-ZOMATO-ZOMATO-ORDER@PAYTM-PYTM0123456-114008157293-ZOMATO PAYMENT,"['UPI', 'ZOMATO', 'ZOMATO', 'ORDER', 'PAYTM', 'PYTM0123456', '114008157293', 'ZOMATO', 'PAYMENT']",Online Food
125,20/05/21,UPI-ZERODHA BROKING LTD-ZERODHABROKING@HDFCBANK-HDFC0000523-114023538226-UPI,20/05/21,75000,,UPI-ZERODHA BROKING LTD-ZERODHABROKING@HDFCBANK-HDFC0000523-114023538226-UPI,"['UPI', 'ZERODHA', 'BROKING', 'LTD', 'ZERODHABROKING', 'HDFCBANK', 'HDFC0000523', '114023538226', 'UPI']",Broker
126,21/05/21,NEFT CR-SBIN0050661-MR  ASHISH  G-SHREYANS NAHAR-SBIN421141947356,21/05/21,,100000,NEFT CR-SBIN0050661-MR  ASHISH  G-SHREYANS NAHAR-SBIN421141947356,"['NEFT', 'CR', 'SBIN0050661', 'MR', 'ASHISH', 'G', 'SHREYANS', 'NAHAR', 'SBIN421141947356']",Funds Transfer
127,21/05/21,UPI-BILLDESKTEZ-BILLDESK.ELECTRICITY@ICICI-ICIC0000555-114111018698-UPI,21/05/21,11218,,UPI-BILLDESKTEZ-BILLDESK.ELECTRICITY@ICICI-ICIC0000555-114111018698-UPI,"['UPI', 'BILLDESKTEZ', 'BILLDESK', 'ELECTRICITY', 'ICICI', 'ICIC0000555', '114111018698', 'UPI']",Utility
128,21/05/21,UPI-RAZORPAYZOMATO-ZOMATOINDIA@ICICI-ICIC0000001-114118272856-ZOMATOONLINEORDER,21/05/21,139.5,,UPI-RAZORPAYZOMATO-ZOMATOINDIA@ICICI-ICIC0000001-114118272856-ZOMATOONLINEORDER,"['UPI', 'RAZORPAYZOMATO', 'ZOMATOINDIA', 'ICICI', 'ICIC0000001', '114118272856', 'ZOMATOONLINEORDER']",
129,21/05/21,UPI-DAYASHANKAR  DUBEY-Q07099181@YBL-KKBK0008487-114120756305-UPI,21/05/21,115,,UPI-DAYASHANKAR  DUBEY-Q07099181@YBL-KKBK0008487-114120756305-UPI,"['UPI', 'DAYASHANKAR', 'DUBEY', 'Q07099181', 'YBL', 'KKBK0008487', '114120756305', 'UPI']",Utility
130,22/05/21,UPI-SWIGGY-UPISWIGGY@ICICI-ICIC0000001-114212153682-PAYMENT FOR SWIGGY,22/05/21,174,,UPI-SWIGGY-UPISWIGGY@ICICI-ICIC0000001-114212153682-PAYMENT FOR SWIGGY,"['UPI', 'SWIGGY', 'UPISWIGGY', 'ICICI', 'ICIC0000001', '114212153682', 'PAYMENT', 'FOR', 'SWIGGY']",Online Food
131,22/05/21,UPI-DURGA PRASAD  UPADHY-DURGAPRASADUPADHYAY18-3@OKSBI-SBIN0018393-114216368009-UPI,22/05/21,30,,UPI-DURGA PRASAD  UPADHY-DURGAPRASADUPADHYAY18-3@OKSBI-SBIN0018393-114216368009-UPI,"['UPI', 'DURGA', 'PRASAD', 'UPADHY', 'DURGAPRASADUPADHYAY18', '3', 'OKSBI', 'SBIN0018393', '114216368009', 'UPI']",Utility
132,22/05/21,UPI-SWIGGY-UPISWIGGY@ICICI-ICIC0000001-114218385460-PAYMENT FOR SWIGGY,22/05/21,169,,UPI-SWIGGY-UPISWIGGY@ICICI-ICIC0000001-114218385460-PAYMENT FOR SWIGGY,"['UPI', 'SWIGGY', 'UPISWIGGY', 'ICICI', 'ICIC0000001', '114218385460', 'PAYMENT', 'FOR', 'SWIGGY']",Online Food
133,22/05/21,UPI-SWIGGY-SWIGGYUPI@AXISBANK-UTIB0000000-114218255321-SWIGGY ORDER ID 10,22/05/21,122,,UPI-SWIGGY-SWIGGYUPI@AXISBANK-UTIB0000000-114218255321-SWIGGY ORDER ID 10,"['UPI', 'SWIGGY', 'SWIGGYUPI', 'AXISBANK', 'UTIB0000000', '114218255321', 'SWIGGY', 'ORDER', 'ID', '10']",Online Food
134,22/05/21,UPI-SWIGGY-SWIGGYUPI@AXISBANK-UTIB0000000-114220916871-SWIGGY ORDER ID 10,22/05/21,158,,UPI-SWIGGY-SWIGGYUPI@AXISBANK-UTIB0000000-114220916871-SWIGGY ORDER ID 10,"['UPI', 'SWIGGY', 'SWIGGYUPI', 'AXISBANK', 'UTIB0000000', '114220916871', 'SWIGGY', 'ORDER', 'ID', '10']",Online Food
135,23/05/21,UPI-COFFEE HOUSE AT MOUN-PAYTM-52005529@PAYTM-PYTM0123456-114311078395-UPI,23/05/21,15,,UPI-COFFEE HOUSE AT MOUN-PAYTM-52005529@PAYTM-PYTM0123456-114311078395-UPI,"['UPI', 'COFFEE', 'HOUSE', 'AT', 'MOUN', 'PAYTM', '52005529', 'PAYTM', 'PYTM0123456', '114311078395', 'UPI']",Utility
136,23/05/21,50100327843595-TPT-CHECK-MANJULA NAHAR,23/05/21,1000,,50100327843595-TPT-CHECK-MANJULA NAHAR,"['50100327843595', 'TPT', 'CHECK', 'MANJULA', 'NAHAR']",
137,23/05/21,UPI-GKM FURNITURES-GPAY-11166927578@OKBIZAXIS-UTIB0000000-114316002455-UPI,23/05/21,3000,,UPI-GKM FURNITURES-GPAY-11166927578@OKBIZAXIS-UTIB0000000-114316002455-UPI,"['UPI', 'GKM', 'FURNITURES', 'GPAY', '11166927578', 'OKBIZAXIS', 'UTIB0000000', '114316002455', 'UPI']",Utility
138,24/05/21,UPI-MR KISHORE KUMAR NAH-KISHORE.NAHAR007@OKAXIS-IDIB000G079-114411945591-UPI,24/05/21,6000,,UPI-MR KISHORE KUMAR NAH-KISHORE.NAHAR007@OKAXIS-IDIB000G079-114411945591-UPI,"['UPI', 'MR', 'KISHORE', 'KUMAR', 'NAH', 'KISHORE', 'NAHAR007', 'OKAXIS', 'IDIB000G079', '114411945591', 'UPI']",Utility
139,24/05/21,UPI-ZOMATO-ZOMATO@HDFCBANK-HDFC0000499-114418358944-ZOMATOONLINEORDER,24/05/21,136.81,,UPI-ZOMATO-ZOMATO@HDFCBANK-HDFC0000499-114418358944-ZOMATOONLINEORDER,"['UPI', 'ZOMATO', 'ZOMATO', 'HDFCBANK', 'HDFC0000499', '114418358944', 'ZOMATOONLINEORDER']",Online Food
140,24/05/21,UPI-ZOMATO-ZOMATO@HDFCBANK-HDFC0000499-114419428117-ZOMATOONLINEORDER,24/05/21,128.73,,UPI-ZOMATO-ZOMATO@HDFCBANK-HDFC0000499-114419428117-ZOMATOONLINEORDER,"['UPI', 'ZOMATO', 'ZOMATO', 'HDFCBANK', 'HDFC0000499', '114419428117', 'ZOMATOONLINEORDER']",Online Food
141,25/05/21,UPI-ZERODHA BROKING LTD-ZERODHABROKING@HDFCBANK-HDFC0000523-114509771820-UPI,25/05/21,50000,,UPI-ZERODHA BROKING LTD-ZERODHABROKING@HDFCBANK-HDFC0000523-114509771820-UPI,"['UPI', 'ZERODHA', 'BROKING', 'LTD', 'ZERODHABROKING', 'HDFCBANK', 'HDFC0000523', '114509771820', 'UPI']",Broker
142,26/05/21,UPI-ZERODHA BROKING LTD-ZERODHABROKING@HDFCBANK-HDFC0000523-114610337853-UPI,26/05/21,50000,,UPI-ZERODHA BROKING LTD-ZERODHABROKING@HDFCBANK-HDFC0000523-114610337853-UPI,"['UPI', 'ZERODHA', 'BROKING', 'LTD', 'ZERODHABROKING', 'HDFCBANK', 'HDFC0000523', '114610337853', 'UPI']",Broker
143,27/05/21,UPI-ZOMATO-ZOMATO-ORDER@PAYTM-PYTM0123456-114707688807-ZOMATO PAYMENT,27/05/21,151.58,,UPI-ZOMATO-ZOMATO-ORDER@PAYTM-PYTM0123456-114707688807-ZOMATO PAYMENT,"['UPI', 'ZOMATO', 'ZOMATO', 'ORDER', 'PAYTM', 'PYTM0123456', '114707688807', 'ZOMATO', 'PAYMENT']",Online Food
144,27/05/21,UPI-SWIGGY-UPISWIGGY@ICICI-ICIC0000001-114718262034-PAYMENT FOR SWIGGY,27/05/21,105,,UPI-SWIGGY-UPISWIGGY@ICICI-ICIC0000001-114718262034-PAYMENT FOR SWIGGY,"['UPI', 'SWIGGY', 'UPISWIGGY', 'ICICI', 'ICIC0000001', '114718262034', 'PAYMENT', 'FOR', 'SWIGGY']",Online Food
145,27/05/21,UPI-SWIGGY-UPISWIGGY@ICICI-ICIC0000001-114719446449-PAYMENT FOR SWIGGY,27/05/21,324,,UPI-SWIGGY-UPISWIGGY@ICICI-ICIC0000001-114719446449-PAYMENT FOR SWIGGY,"['UPI', 'SWIGGY', 'UPISWIGGY', 'ICICI', 'ICIC0000001', '114719446449', 'PAYMENT', 'FOR', 'SWIGGY']",Online Food
146,28/05/21,UPI-SWIGGY-UPISWIGGY@ICICI-ICIC0000001-114809216765-PAYMENT FOR SWIGGY,28/05/21,168,,UPI-SWIGGY-UPISWIGGY@ICICI-ICIC0000001-114809216765-PAYMENT FOR SWIGGY,"['UPI', 'SWIGGY', 'UPISWIGGY', 'ICICI', 'ICIC0000001', '114809216765', 'PAYMENT', 'FOR', 'SWIGGY']",Online Food
147,28/05/21,UPI-SWIGGY-SWIGGYUPI@AXISBANK-UTIB0000000-114818097587-SWIGGY ORDER ID 10,28/05/21,134,,UPI-SWIGGY-SWIGGYUPI@AXISBANK-UTIB0000000-114818097587-SWIGGY ORDER ID 10,"['UPI', 'SWIGGY', 'SWIGGYUPI', 'AXISBANK', 'UTIB0000000', '114818097587', 'SWIGGY', 'ORDER', 'ID', '10']",Online Food
148,28/05/21,UPI-ZOMATO-ZOMATO-ORDER@PAYTM-PYTM0123456-114818894697-ZOMATO PAYMENT,28/05/21,135.48,,UPI-ZOMATO-ZOMATO-ORDER@PAYTM-PYTM0123456-114818894697-ZOMATO PAYMENT,"['UPI', 'ZOMATO', 'ZOMATO', 'ORDER', 'PAYTM', 'PYTM0123456', '114818894697', 'ZOMATO', 'PAYMENT']",Online Food
149,29/05/21,UPI-SWIGGY-SWIGGYUPI@AXISBANK-UTIB0000000-114918163326-SWIGGY ORDER ID 10,29/05/21,208,,UPI-SWIGGY-SWIGGYUPI@AXISBANK-UTIB0000000-114918163326-SWIGGY ORDER ID 10,"['UPI', 'SWIGGY', 'SWIGGYUPI', 'AXISBANK', 'UTIB0000000', '114918163326', 'SWIGGY', 'ORDER', 'ID', '10']",Online Food
150,29/05/21,UPI-SWIGGY-SWIGGYUPI@AXISBANK-UTIB0000000-114918392120-SWIGGY ORDER ID 10,29/05/21,208,,UPI-SWIGGY-SWIGGYUPI@AXISBANK-UTIB0000000-114918392120-SWIGGY ORDER ID 10,"['UPI', 'SWIGGY', 'SWIGGYUPI', 'AXISBANK', 'UTIB0000000', '114918392120', 'SWIGGY', 'ORDER', 'ID', '10']",Online Food
151,29/05/21,UPI-SWIGGY-SWIGGY.REFUNDS@AXISBANK-UTIB0000052-114918032396-REFUND FROM SWIGGY,29/05/21,,208,UPI-SWIGGY-SWIGGY.REFUNDS@AXISBANK-UTIB0000052-114918032396-REFUND FROM SWIGGY,"['UPI', 'SWIGGY', 'SWIGGY', 'REFUNDS', 'AXISBANK', 'UTIB0000052', '114918032396', 'REFUND', 'FROM', 'SWIGGY']",Online Food
152,29/05/21,UPI-ZOMATO-ZOMATO-ORDER@PAYTM-PYTM0123456-114918316306-ZOMATO PAYMENT,29/05/21,157.13,,UPI-ZOMATO-ZOMATO-ORDER@PAYTM-PYTM0123456-114918316306-ZOMATO PAYMENT,"['UPI', 'ZOMATO', 'ZOMATO', 'ORDER', 'PAYTM', 'PYTM0123456', '114918316306', 'ZOMATO', 'PAYMENT']",Online Food
153,30/05/21,UPI-SWIGGY-SWIGGYUPI@AXISBANK-UTIB0000000-115013903923-SWIGGY ORDER ID 10,30/05/21,199,,UPI-SWIGGY-SWIGGYUPI@AXISBANK-UTIB0000000-115013903923-SWIGGY ORDER ID 10,"['UPI', 'SWIGGY', 'SWIGGYUPI', 'AXISBANK', 'UTIB0000000', '115013903923', 'SWIGGY', 'ORDER', 'ID', '10']",Online Food
154,30/05/21,UPI-SWIGGY-SWIGGYUPI@AXISBANK-UTIB0000000-115020215737-SWIGGY ORDER ID 10,30/05/21,140,,UPI-SWIGGY-SWIGGYUPI@AXISBANK-UTIB0000000-115020215737-SWIGGY ORDER ID 10,"['UPI', 'SWIGGY', 'SWIGGYUPI', 'AXISBANK', 'UTIB0000000', '115020215737', 'SWIGGY', 'ORDER', 'ID', '10']",Online Food
155,31/05/21,UPI-RAZORPAYZOMATO-ZOMATOINDIA@ICICI-ICIC0000001-115107331325-ZOMATOONLINEORDER,31/05/21,118.53,,UPI-RAZORPAYZOMATO-ZOMATOINDIA@ICICI-ICIC0000001-115107331325-ZOMATOONLINEORDER,"['UPI', 'RAZORPAYZOMATO', 'ZOMATOINDIA', 'ICICI', 'ICIC0000001', '115107331325', 'ZOMATOONLINEORDER']",
156,31/05/21,NEFT CR-INDB0000006-WESTERN UNION INTERNATIONAL BANK G-SHREYANS NAHAR-000346477566 PURPOSE OF PAYMENT PAYROLL WA,31/05/21,,350404,NEFT CR-INDB0000006-WESTERN UNION INTERNATIONAL BANK G-SHREYANS NAHAR-000346477566 PURPOSE OF PAYMENT PAYROLL WA,"['NEFT', 'CR', 'INDB0000006', 'WESTERN', 'UNION', 'INTERNATIONAL', 'BANK', 'G', 'SHREYANS', 'NAHAR', '000346477566', 'PURPOSE', 'OF', 'PAYMENT', 'PAYROLL', 'WA']",Funds Transfer
157,01/06/21,UPI-ZOMATO-ZOMATO-ORDER@PAYTM-PYTM0123456-115212581973-ZOMATO PAYMENT,01/06/21,144.85,,UPI-ZOMATO-ZOMATO-ORDER@PAYTM-PYTM0123456-115212581973-ZOMATO PAYMENT,"['UPI', 'ZOMATO', 'ZOMATO', 'ORDER', 'PAYTM', 'PYTM0123456', '115212581973', 'ZOMATO', 'PAYMENT']",Online Food
158,01/06/21,UPI-SWIGGY-SWIGGYUPI@AXISBANK-UTIB0000000-115213195611-SWIGGY ORDER ID 10,01/06/21,97,,UPI-SWIGGY-SWIGGYUPI@AXISBANK-UTIB0000000-115213195611-SWIGGY ORDER ID 10,"['UPI', 'SWIGGY', 'SWIGGYUPI', 'AXISBANK', 'UTIB0000000', '115213195611', 'SWIGGY', 'ORDER', 'ID', '10']",Online Food
159,01/06/21,UPI-ZOMATO-ZOMATO-ORDER@PAYTM-PYTM0123456-115213854831-ZOMATO PAYMENT,01/06/21,158,,UPI-ZOMATO-ZOMATO-ORDER@PAYTM-PYTM0123456-115213854831-ZOMATO PAYMENT,"['UPI', 'ZOMATO', 'ZOMATO', 'ORDER', 'PAYTM', 'PYTM0123456', '115213854831', 'ZOMATO', 'PAYMENT']",Online Food
160,01/06/21,UPI-ZOMATO-ZOMATO-ORDER@PAYTM-PYTM0123456-115218068917-ZOMATO PAYMENT,01/06/21,156.43,,UPI-ZOMATO-ZOMATO-ORDER@PAYTM-PYTM0123456-115218068917-ZOMATO PAYMENT,"['UPI', 'ZOMATO', 'ZOMATO', 'ORDER', 'PAYTM', 'PYTM0123456', '115218068917', 'ZOMATO', 'PAYMENT']",Online Food
161,02/06/21,UPI-RPANNEERSELVAM-PANNERSELVAM76@OKAXIS-LAVB0000431-115313236395-UPI,02/06/21,4000,,UPI-RPANNEERSELVAM-PANNERSELVAM76@OKAXIS-LAVB0000431-115313236395-UPI,"['UPI', 'RPANNEERSELVAM', 'PANNERSELVAM76', 'OKAXIS', 'LAVB0000431', '115313236395', 'UPI']",Utility
162,02/06/21,UPI-SWIGGY-UPISWIGGY@ICICI-ICIC0000001-115320009338-PAYMENT FOR SWIGGY,02/06/21,137,,UPI-SWIGGY-UPISWIGGY@ICICI-ICIC0000001-115320009338-PAYMENT FOR SWIGGY,"['UPI', 'SWIGGY', 'UPISWIGGY', 'ICICI', 'ICIC0000001', '115320009338', 'PAYMENT', 'FOR', 'SWIGGY']",Online Food
163,02/06/21,UPI-SWIGGY-SWIGGYUPI@AXISBANK-UTIB0000000-115320473225-SWIGGY ORDER ID 10,02/06/21,134,,UPI-SWIGGY-SWIGGYUPI@AXISBANK-UTIB0000000-115320473225-SWIGGY ORDER ID 10,"['UPI', 'SWIGGY', 'SWIGGYUPI', 'AXISBANK', 'UTIB0000000', '115320473225', 'SWIGGY', 'ORDER', 'ID', '10']",Online Food
164,02/06/21,IB FUNDS TRANSFER DR-50100416578348  -SHREYANS NAHAR,02/06/21,295000,,IB FUNDS TRANSFER DR-50100416578348  -SHREYANS NAHAR,"['IB', 'FUNDS', 'TRANSFER', 'DR', '50100416578348', 'SHREYANS', 'NAHAR']",
165,03/06/21,UPI-SATHISH KUMAR S-JOSEPHSATHISH1982@OKHDFCBANK-UBIN0561177-115407819707-TAKE CARE,03/06/21,2000,,UPI-SATHISH KUMAR S-JOSEPHSATHISH1982@OKHDFCBANK-UBIN0561177-115407819707-TAKE CARE,"['UPI', 'SATHISH', 'KUMAR', 'S', 'JOSEPHSATHISH1982', 'OKHDFCBANK', 'UBIN0561177', '115407819707', 'TAKE', 'CARE']",
166,03/06/21,UPI-ZOMATO-ZOMATO-ORDER@PAYTM-PYTM0123456-115418578680-ZOMATO PAYMENT,03/06/21,129.43,,UPI-ZOMATO-ZOMATO-ORDER@PAYTM-PYTM0123456-115418578680-ZOMATO PAYMENT,"['UPI', 'ZOMATO', 'ZOMATO', 'ORDER', 'PAYTM', 'PYTM0123456', '115418578680', 'ZOMATO', 'PAYMENT']",Online Food
167,04/06/21,UPI-RAZORPAYZOMATO-ZOMATOINDIA@ICICI-ICIC0000001-115520474601-ZOMATOONLINEORDER,04/06/21,555,,UPI-RAZORPAYZOMATO-ZOMATOINDIA@ICICI-ICIC0000001-115520474601-ZOMATOONLINEORDER,"['UPI', 'RAZORPAYZOMATO', 'ZOMATOINDIA', 'ICICI', 'ICIC0000001', '115520474601', 'ZOMATOONLINEORDER']",
168,06/06/21,UPI-SWIGGY-SWIGGYUPI@AXISBANK-UTIB0000000-115713583387-SWIGGY ORDER ID 10,06/06/21,504,,UPI-SWIGGY-SWIGGYUPI@AXISBANK-UTIB0000000-115713583387-SWIGGY ORDER ID 10,"['UPI', 'SWIGGY', 'SWIGGYUPI', 'AXISBANK', 'UTIB0000000', '115713583387', 'SWIGGY', 'ORDER', 'ID', '10']",Online Food
169,06/06/21,UPI-SWIGGY-SWIGGYUPI@AXISBANK-UTIB0000000-115719881540-SWIGGY ORDER ID 10,06/06/21,97,,UPI-SWIGGY-SWIGGYUPI@AXISBANK-UTIB0000000-115719881540-SWIGGY ORDER ID 10,"['UPI', 'SWIGGY', 'SWIGGYUPI', 'AXISBANK', 'UTIB0000000', '115719881540', 'SWIGGY', 'ORDER', 'ID', '10']",Online Food
170,06/06/21,UPI-SWIGGY-SWIGGYUPI@AXISBANK-UTIB0000000-115720355522-SWIGGY ORDER ID 10,06/06/21,95,,UPI-SWIGGY-SWIGGYUPI@AXISBANK-UTIB0000000-115720355522-SWIGGY ORDER ID 10,"['UPI', 'SWIGGY', 'SWIGGYUPI', 'AXISBANK', 'UTIB0000000', '115720355522', 'SWIGGY', 'ORDER', 'ID', '10']",Online Food
171,07/06/21,UPI-ZOMATO-ZOMATO-ORDER@PAYTM-PYTM0123456-115808155887-ZOMATO PAYMENT,07/06/21,128.21,,UPI-ZOMATO-ZOMATO-ORDER@PAYTM-PYTM0123456-115808155887-ZOMATO PAYMENT,"['UPI', 'ZOMATO', 'ZOMATO', 'ORDER', 'PAYTM', 'PYTM0123456', '115808155887', 'ZOMATO', 'PAYMENT']",Online Food
172,07/06/21,UPI-SWIGGY-UPISWIGGY@ICICI-ICIC0000001-115818676015-PAYMENT FOR SWIGGY,07/06/21,90,,UPI-SWIGGY-UPISWIGGY@ICICI-ICIC0000001-115818676015-PAYMENT FOR SWIGGY,"['UPI', 'SWIGGY', 'UPISWIGGY', 'ICICI', 'ICIC0000001', '115818676015', 'PAYMENT', 'FOR', 'SWIGGY']",Online Food
173,08/06/21,UPI-SWIGGY-SWIGGYUPI@AXISBANK-UTIB0000000-115913633211-SWIGGY ORDER ID 10,08/06/21,81,,UPI-SWIGGY-SWIGGYUPI@AXISBANK-UTIB0000000-115913633211-SWIGGY ORDER ID 10,"['UPI', 'SWIGGY', 'SWIGGYUPI', 'AXISBANK', 'UTIB0000000', '115913633211', 'SWIGGY', 'ORDER', 'ID', '10']",Online Food
174,08/06/21,UPI-PAYTM AIRTEL RECHARG-PAYAIR7673@PAYTM-PYTM0123456-115973124544-OID13854562522@PAY,08/06/21,199,,UPI-PAYTM AIRTEL RECHARG-PAYAIR7673@PAYTM-PYTM0123456-115973124544-OID13854562522@PAY,"['UPI', 'PAYTM', 'AIRTEL', 'RECHARG', 'PAYAIR7673', 'PAYTM', 'PYTM0123456', '115973124544', 'OID13854562522', 'PAY']",Recharge and Subcription
175,09/06/21,UPI-ZOMATO-ZOMATO-ORDER@PAYTM-PYTM0123456-116008043839-ZOMATO PAYMENT,09/06/21,128.21,,UPI-ZOMATO-ZOMATO-ORDER@PAYTM-PYTM0123456-116008043839-ZOMATO PAYMENT,"['UPI', 'ZOMATO', 'ZOMATO', 'ORDER', 'PAYTM', 'PYTM0123456', '116008043839', 'ZOMATO', 'PAYMENT']",Online Food
176,09/06/21,UPI-ZERODHA BROKING LTD-ZERODHABROKING@HDFCBANK-HDFC0000523-116011068143-UPI,09/06/21,75000,,UPI-ZERODHA BROKING LTD-ZERODHABROKING@HDFCBANK-HDFC0000523-116011068143-UPI,"['UPI', 'ZERODHA', 'BROKING', 'LTD', 'ZERODHABROKING', 'HDFCBANK', 'HDFC0000523', '116011068143', 'UPI']",Broker
177,09/06/21,UPI-SHREYA KISHORE NAHAR-SHREYA.NAHAR1998@OKHDFCBANK-HDFC0000082-116017000989-UPI,09/06/21,1300,,UPI-SHREYA KISHORE NAHAR-SHREYA.NAHAR1998@OKHDFCBANK-HDFC0000082-116017000989-UPI,"['UPI', 'SHREYA', 'KISHORE', 'NAHAR', 'SHREYA', 'NAHAR1998', 'OKHDFCBANK', 'HDFC0000082', '116017000989', 'UPI']",Utility
178,10/06/21,UPI-ZOMATO-ZOMATO-ORDER@PAYTM-PYTM0123456-116108401516-ZOMATO PAYMENT,10/06/21,132.68,,UPI-ZOMATO-ZOMATO-ORDER@PAYTM-PYTM0123456-116108401516-ZOMATO PAYMENT,"['UPI', 'ZOMATO', 'ZOMATO', 'ORDER', 'PAYTM', 'PYTM0123456', '116108401516', 'ZOMATO', 'PAYMENT']",Online Food
179,10/06/21,UPI-FRUIT SHOP GOPALAPUR-PAYTMQR2810050501011S26H6RGEO5H@PAYTM-PYTM0123456-116120601010-UPI,10/06/21,189,,UPI-FRUIT SHOP GOPALAPUR-PAYTMQR2810050501011S26H6RGEO5H@PAYTM-PYTM0123456-116120601010-UPI,"['UPI', 'FRUIT', 'SHOP', 'GOPALAPUR', 'PAYTMQR2810050501011S26H6RGEO5H', 'PAYTM', 'PYTM0123456', '116120601010', 'UPI']",Utility
180,11/06/21,UPI-ZOMATO-ZOMATO@HDFCBANK-HDFC0000499-116209082183-ZOMATOONLINEORDER,11/06/21,128.21,,UPI-ZOMATO-ZOMATO@HDFCBANK-HDFC0000499-116209082183-ZOMATOONLINEORDER,"['UPI', 'ZOMATO', 'ZOMATO', 'HDFCBANK', 'HDFC0000499', '116209082183', 'ZOMATOONLINEORDER']",Online Food
181,11/06/21,POS 435584XXXXXX8149 SWIGGY,11/06/21,160,,POS 435584XXXXXX8149 SWIGGY,"['POS', '435584XXXXXX8149', 'SWIGGY']",Online Food
182,11/06/21,UPI-SWIGGY-SWIGGYUPI@AXISBANK-UTIB0000000-116219173301-SWIGGY ORDER ID 10,11/06/21,79,,UPI-SWIGGY-SWIGGYUPI@AXISBANK-UTIB0000000-116219173301-SWIGGY ORDER ID 10,"['UPI', 'SWIGGY', 'SWIGGYUPI', 'AXISBANK', 'UTIB0000000', '116219173301', 'SWIGGY', 'ORDER', 'ID', '10']",Online Food
183,11/06/21,UPI-SWIGGY-SWIGGYUPI@AXISBANK-UTIB0000000-116219393583-SWIGGY ORDER ID 10,11/06/21,197,,UPI-SWIGGY-SWIGGYUPI@AXISBANK-UTIB0000000-116219393583-SWIGGY ORDER ID 10,"['UPI', 'SWIGGY', 'SWIGGYUPI', 'AXISBANK', 'UTIB0000000', '116219393583', 'SWIGGY', 'ORDER', 'ID', '10']",Online Food
184,11/06/21,UPI-SWIGGY-UPISWIGGY@ICICI-ICIC0000001-116261869115-PAYMENT FOR SWIGGY,11/06/21,374,,UPI-SWIGGY-UPISWIGGY@ICICI-ICIC0000001-116261869115-PAYMENT FOR SWIGGY,"['UPI', 'SWIGGY', 'UPISWIGGY', 'ICICI', 'ICIC0000001', '116261869115', 'PAYMENT', 'FOR', 'SWIGGY']",Online Food
185,12/06/21,UPI-SWIGGY-SWIGGYUPI@AXISBANK-UTIB0000000-116312823074-SWIGGY ORDER ID 10,12/06/21,108,,UPI-SWIGGY-SWIGGYUPI@AXISBANK-UTIB0000000-116312823074-SWIGGY ORDER ID 10,"['UPI', 'SWIGGY', 'SWIGGYUPI', 'AXISBANK', 'UTIB0000000', '116312823074', 'SWIGGY', 'ORDER', 'ID', '10']",Online Food
186,12/06/21,UPI-SWIGGY-UPISWIGGY@ICICI-ICIC0000001-116367440566-PAYMENT FOR SWIGGY,12/06/21,92,,UPI-SWIGGY-UPISWIGGY@ICICI-ICIC0000001-116367440566-PAYMENT FOR SWIGGY,"['UPI', 'SWIGGY', 'UPISWIGGY', 'ICICI', 'ICIC0000001', '116367440566', 'PAYMENT', 'FOR', 'SWIGGY']",Online Food
187,13/06/21,UPI-SWIGGY-SWIGGYUPI@AXISBANK-UTIB0000000-116412844071-SWIGGY ORDER ID 10,13/06/21,114,,UPI-SWIGGY-SWIGGYUPI@AXISBANK-UTIB0000000-116412844071-SWIGGY ORDER ID 10,"['UPI', 'SWIGGY', 'SWIGGYUPI', 'AXISBANK', 'UTIB0000000', '116412844071', 'SWIGGY', 'ORDER', 'ID', '10']",Online Food
188,13/06/21,UPI-KHAJA MOHIDEEN  I-ISMAILKHAJA9@OKAXIS-IOBA0002051-116416933157-UPI,13/06/21,40,,UPI-KHAJA MOHIDEEN  I-ISMAILKHAJA9@OKAXIS-IOBA0002051-116416933157-UPI,"['UPI', 'KHAJA', 'MOHIDEEN', 'I', 'ISMAILKHAJA9', 'OKAXIS', 'IOBA0002051', '116416933157', 'UPI']",Utility
189,13/06/21,UPI-ZOMATO-ZOMATO@HDFCBANK-HDFC0000499-116418151473-ZOMATOONLINEORDER,13/06/21,131.44,,UPI-ZOMATO-ZOMATO@HDFCBANK-HDFC0000499-116418151473-ZOMATOONLINEORDER,"['UPI', 'ZOMATO', 'ZOMATO', 'HDFCBANK', 'HDFC0000499', '116418151473', 'ZOMATOONLINEORDER']",Online Food
190,14/06/21,UPI-RAZORPAYZOMATO-ZOMATOINDIA@ICICI-ICIC0000001-116508284974-ZOMATOONLINEORDER,14/06/21,137.14,,UPI-RAZORPAYZOMATO-ZOMATOINDIA@ICICI-ICIC0000001-116508284974-ZOMATOONLINEORDER,"['UPI', 'RAZORPAYZOMATO', 'ZOMATOINDIA', 'ICICI', 'ICIC0000001', '116508284974', 'ZOMATOONLINEORDER']",
191,14/06/21,UPI-SWIGGY-SWIGGYUPI@AXISBANK-UTIB0000000-116513693773-SWIGGY ORDER ID 10,14/06/21,170,,UPI-SWIGGY-SWIGGYUPI@AXISBANK-UTIB0000000-116513693773-SWIGGY ORDER ID 10,"['UPI', 'SWIGGY', 'SWIGGYUPI', 'AXISBANK', 'UTIB0000000', '116513693773', 'SWIGGY', 'ORDER', 'ID', '10']",Online Food
192,14/06/21,UPI-EZILAGAM-PAYTMQR2810050501011RQMIFRWFGG2@PAYTM-PYTM0123456-116518370988-UPI,14/06/21,12,,UPI-EZILAGAM-PAYTMQR2810050501011RQMIFRWFGG2@PAYTM-PYTM0123456-116518370988-UPI,"['UPI', 'EZILAGAM', 'PAYTMQR2810050501011RQMIFRWFGG2', 'PAYTM', 'PYTM0123456', '116518370988', 'UPI']",Utility
193,14/06/21,UPI-AAVIN-PAYTMQR281005050101IP90RXRQIQU4@PAYTM-PYTM0123456-116519826662-UPI,14/06/21,15,,UPI-AAVIN-PAYTMQR281005050101IP90RXRQIQU4@PAYTM-PYTM0123456-116519826662-UPI,"['UPI', 'AAVIN', 'PAYTMQR281005050101IP90RXRQIQU4', 'PAYTM', 'PYTM0123456', '116519826662', 'UPI']",Utility
194,15/06/21,UPI-SWIGGY-SWIGGYUPI@AXISBANK-UTIB0000000-116612521981-SWIGGY ORDER ID 10,15/06/21,109,,UPI-SWIGGY-SWIGGYUPI@AXISBANK-UTIB0000000-116612521981-SWIGGY ORDER ID 10,"['UPI', 'SWIGGY', 'SWIGGYUPI', 'AXISBANK', 'UTIB0000000', '116612521981', 'SWIGGY', 'ORDER', 'ID', '10']",Online Food
195,15/06/21,UPI-SWIGGY-UPISWIGGY@ICICI-ICIC0000001-116600814704-PAYMENT FOR SWIGGY,15/06/21,255,,UPI-SWIGGY-UPISWIGGY@ICICI-ICIC0000001-116600814704-PAYMENT FOR SWIGGY,"['UPI', 'SWIGGY', 'UPISWIGGY', 'ICICI', 'ICIC0000001', '116600814704', 'PAYMENT', 'FOR', 'SWIGGY']",Online Food
196,16/06/21,UPI-URBAN COMPANY-PAYTM-URBANCLAP@PAYTM-PYTM0123456-116710500921-UPI INTENT,16/06/21,507,,UPI-URBAN COMPANY-PAYTM-URBANCLAP@PAYTM-PYTM0123456-116710500921-UPI INTENT,"['UPI', 'URBAN', 'COMPANY', 'PAYTM', 'URBANCLAP', 'PAYTM', 'PYTM0123456', '116710500921', 'UPI', 'INTENT']",
197,16/06/21,IB FUNDS TRANSFER CR-50100416578348  -SHREYANS NAHAR,16/06/21,,20000,IB FUNDS TRANSFER CR-50100416578348  -SHREYANS NAHAR,"['IB', 'FUNDS', 'TRANSFER', 'CR', '50100416578348', 'SHREYANS', 'NAHAR']",
198,16/06/21,UPI-ZOMATO-ZOMATO-ORDER@PAYTM-PYTM0123456-116753212570-EXPRESS,16/06/21,,200,UPI-ZOMATO-ZOMATO-ORDER@PAYTM-PYTM0123456-116753212570-EXPRESS,"['UPI', 'ZOMATO', 'ZOMATO', 'ORDER', 'PAYTM', 'PYTM0123456', '116753212570', 'EXPRESS']",Online Food
199,16/06/21,UPI-SWIGGY-UPISWIGGY@ICICI-ICIC0000001-116707459853-PAYMENT FOR SWIGGY,16/06/21,113,,UPI-SWIGGY-UPISWIGGY@ICICI-ICIC0000001-116707459853-PAYMENT FOR SWIGGY,"['UPI', 'SWIGGY', 'UPISWIGGY', 'ICICI', 'ICIC0000001', '116707459853', 'PAYMENT', 'FOR', 'SWIGGY']",Online Food
200,16/06/21,UPI-FLIPKART-FLIPKART.PAYU@HDFCBANK-HDFC0000499-116718039989-UPI TRANSACTION,16/06/21,605,,UPI-FLIPKART-FLIPKART.PAYU@HDFCBANK-HDFC0000499-116718039989-UPI TRANSACTION,"['UPI', 'FLIPKART', 'FLIPKART', 'PAYU', 'HDFCBANK', 'HDFC0000499', '116718039989', 'UPI', 'TRANSACTION']",Online Shoping
201,16/06/21,UPI-FLIPKART-FLIPKART.PAYU@HDFCBANK-HDFC0000499-116718099546-UPI TRANSACTION,16/06/21,888,,UPI-FLIPKART-FLIPKART.PAYU@HDFCBANK-HDFC0000499-116718099546-UPI TRANSACTION,"['UPI', 'FLIPKART', 'FLIPKART', 'PAYU', 'HDFCBANK', 'HDFC0000499', '116718099546', 'UPI', 'TRANSACTION']",Online Shoping
202,17/06/21,UPI-SWIGGY-SWIGGYUPI@AXISBANK-UTIB0000000-116814204226-SWIGGY ORDER ID 10,17/06/21,114,,UPI-SWIGGY-SWIGGYUPI@AXISBANK-UTIB0000000-116814204226-SWIGGY ORDER ID 10,"['UPI', 'SWIGGY', 'SWIGGYUPI', 'AXISBANK', 'UTIB0000000', '116814204226', 'SWIGGY', 'ORDER', 'ID', '10']",Online Food
203,17/06/21,UPI-SWIGGY-SWIGGYUPI@AXISBANK-UTIB0000000-116819624619-SWIGGY ORDER ID 10,17/06/21,142,,UPI-SWIGGY-SWIGGYUPI@AXISBANK-UTIB0000000-116819624619-SWIGGY ORDER ID 10,"['UPI', 'SWIGGY', 'SWIGGYUPI', 'AXISBANK', 'UTIB0000000', '116819624619', 'SWIGGY', 'ORDER', 'ID', '10']",Online Food
204,18/06/21,UPI-MR KISHORE KUMAR NAH-KISHORE.NAHAR007@OKAXIS-IDIB000G079-116914767107-UPI,18/06/21,5000,,UPI-MR KISHORE KUMAR NAH-KISHORE.NAHAR007@OKAXIS-IDIB000G079-116914767107-UPI,"['UPI', 'MR', 'KISHORE', 'KUMAR', 'NAH', 'KISHORE', 'NAHAR007', 'OKAXIS', 'IDIB000G079', '116914767107', 'UPI']",Utility
205,18/06/21,UPI-COFFEE HOUSE AT MOUN-PAYTM-52005529@PAYTM-PYTM0123456-116921600777-UPI,18/06/21,15,,UPI-COFFEE HOUSE AT MOUN-PAYTM-52005529@PAYTM-PYTM0123456-116921600777-UPI,"['UPI', 'COFFEE', 'HOUSE', 'AT', 'MOUN', 'PAYTM', '52005529', 'PAYTM', 'PYTM0123456', '116921600777', 'UPI']",Utility
206,21/06/21,UPI-SWIGGY-SWIGGYUPI@AXISBANK-UTIB0000000-117208535926-SWIGGY ORDER ID 10,21/06/21,303,,UPI-SWIGGY-SWIGGYUPI@AXISBANK-UTIB0000000-117208535926-SWIGGY ORDER ID 10,"['UPI', 'SWIGGY', 'SWIGGYUPI', 'AXISBANK', 'UTIB0000000', '117208535926', 'SWIGGY', 'ORDER', 'ID', '10']",Online Food
207,21/06/21,UPI-NAGARAJ  T-Q17451014@YBL-SBIN0014203-117246833033-UPI,21/06/21,40,,UPI-NAGARAJ  T-Q17451014@YBL-SBIN0014203-117246833033-UPI,"['UPI', 'NAGARAJ', 'T', 'Q17451014', 'YBL', 'SBIN0014203', '117246833033', 'UPI']",Utility
208,21/06/21,UPI-NAGARAJ  T-Q17451014@YBL-SBIN0014203-117246930865-UPI,21/06/21,20,,UPI-NAGARAJ  T-Q17451014@YBL-SBIN0014203-117246930865-UPI,"['UPI', 'NAGARAJ', 'T', 'Q17451014', 'YBL', 'SBIN0014203', '117246930865', 'UPI']",Utility
209,24/06/21,UPI-SWIGGY-UPISWIGGY@ICICI-ICIC0000001-117591023449-PAYMENT FOR SWIGGY,24/06/21,237,,UPI-SWIGGY-UPISWIGGY@ICICI-ICIC0000001-117591023449-PAYMENT FOR SWIGGY,"['UPI', 'SWIGGY', 'UPISWIGGY', 'ICICI', 'ICIC0000001', '117591023449', 'PAYMENT', 'FOR', 'SWIGGY']",Online Food
210,24/06/21,UPI-ASWINI AUTOMOBILES-PAYTMQR281005050101E0EDX2XBG6WY@PAYTM-PYTM0123456-117579817468-UPI,24/06/21,100,,UPI-ASWINI AUTOMOBILES-PAYTMQR281005050101E0EDX2XBG6WY@PAYTM-PYTM0123456-117579817468-UPI,"['UPI', 'ASWINI', 'AUTOMOBILES', 'PAYTMQR281005050101E0EDX2XBG6WY', 'PAYTM', 'PYTM0123456', '117579817468', 'UPI']",Utility
211,25/06/21,ATW-435584XXXXXX8149-S1ACCN64-CHENNAI,25/06/21,1000,,ATW-435584XXXXXX8149-S1ACCN64-CHENNAI,"['ATW', '435584XXXXXX8149', 'S1ACCN64', 'CHENNAI']",
212,25/06/21,ATW-435584XXXXXX8149-S1ACCN64-CHENNAI,25/06/21,1000,,ATW-435584XXXXXX8149-S1ACCN64-CHENNAI,"['ATW', '435584XXXXXX8149', 'S1ACCN64', 'CHENNAI']",
213,25/06/21,UPI-SWIGGY-SWIGGYUPI@AXISBANK-UTIB0000000-117612805420-SWIGGY ORDER ID 10,25/06/21,113,,UPI-SWIGGY-SWIGGYUPI@AXISBANK-UTIB0000000-117612805420-SWIGGY ORDER ID 10,"['UPI', 'SWIGGY', 'SWIGGYUPI', 'AXISBANK', 'UTIB0000000', '117612805420', 'SWIGGY', 'ORDER', 'ID', '10']",Online Food
214,25/06/21,IB FUNDS TRANSFER CR-50100416578348  -SHREYANS NAHAR,25/06/21,,280000,IB FUNDS TRANSFER CR-50100416578348  -SHREYANS NAHAR,"['IB', 'FUNDS', 'TRANSFER', 'CR', '50100416578348', 'SHREYANS', 'NAHAR']",
215,25/06/21,UPI-NAGARAJ  T-Q17451014@YBL-SBIN0014203-117687015040-UPI,25/06/21,40,,UPI-NAGARAJ  T-Q17451014@YBL-SBIN0014203-117687015040-UPI,"['UPI', 'NAGARAJ', 'T', 'Q17451014', 'YBL', 'SBIN0014203', '117687015040', 'UPI']",Utility
216,26/06/21,UPI-SWIGGY-SWIGGYUPI@AXISBANK-UTIB0000000-117714179434-SWIGGY ORDER ID 10,26/06/21,170,,UPI-SWIGGY-SWIGGYUPI@AXISBANK-UTIB0000000-117714179434-SWIGGY ORDER ID 10,"['UPI', 'SWIGGY', 'SWIGGYUPI', 'AXISBANK', 'UTIB0000000', '117714179434', 'SWIGGY', 'ORDER', 'ID', '10']",Online Food
217,26/06/21,UPI-COFFEE HOUSE AT MOUN-PAYTM-52005529@PAYTM-PYTM0123456-117798559179-UPI,26/06/21,15,,UPI-COFFEE HOUSE AT MOUN-PAYTM-52005529@PAYTM-PYTM0123456-117798559179-UPI,"['UPI', 'COFFEE', 'HOUSE', 'AT', 'MOUN', 'PAYTM', '52005529', 'PAYTM', 'PYTM0123456', '117798559179', 'UPI']",Utility
218,27/06/21,UPI-NAGARAJ  T-Q17451014@YBL-SBIN0014203-117802049416-UPI,27/06/21,60,,UPI-NAGARAJ  T-Q17451014@YBL-SBIN0014203-117802049416-UPI,"['UPI', 'NAGARAJ', 'T', 'Q17451014', 'YBL', 'SBIN0014203', '117802049416', 'UPI']",Utility
219,27/06/21,UPI-SWIGGY-SWIGGYUPI@AXISBANK-UTIB0000000-117809426797-SWIGGY ORDER ID 10,27/06/21,92,,UPI-SWIGGY-SWIGGYUPI@AXISBANK-UTIB0000000-117809426797-SWIGGY ORDER ID 10,"['UPI', 'SWIGGY', 'SWIGGYUPI', 'AXISBANK', 'UTIB0000000', '117809426797', 'SWIGGY', 'ORDER', 'ID', '10']",Online Food
220,27/06/21,UPI-SWIGGY-SWIGGYUPI@AXISBANK-UTIB0000000-117813984095-SWIGGY ORDER ID 10,27/06/21,217,,UPI-SWIGGY-SWIGGYUPI@AXISBANK-UTIB0000000-117813984095-SWIGGY ORDER ID 10,"['UPI', 'SWIGGY', 'SWIGGYUPI', 'AXISBANK', 'UTIB0000000', '117813984095', 'SWIGGY', 'ORDER', 'ID', '10']",Online Food
221,28/06/21,NEFT CR-INDB0000006-WESTERN UNION INTERNATIONAL BANK G-SHREYANS NAHAR-000351664985 PURPOSE OF PAYMENT PAYROLL WA,28/06/21,,496592,NEFT CR-INDB0000006-WESTERN UNION INTERNATIONAL BANK G-SHREYANS NAHAR-000351664985 PURPOSE OF PAYMENT PAYROLL WA,"['NEFT', 'CR', 'INDB0000006', 'WESTERN', 'UNION', 'INTERNATIONAL', 'BANK', 'G', 'SHREYANS', 'NAHAR', '000351664985', 'PURPOSE', 'OF', 'PAYMENT', 'PAYROLL', 'WA']",Funds Transfer
222,28/06/21,UPI-SWIGGY-SWIGGYUPI@AXISBANK-UTIB0000000-117917210429-SWIGGY ORDER ID 10,28/06/21,170,,UPI-SWIGGY-SWIGGYUPI@AXISBANK-UTIB0000000-117917210429-SWIGGY ORDER ID 10,"['UPI', 'SWIGGY', 'SWIGGYUPI', 'AXISBANK', 'UTIB0000000', '117917210429', 'SWIGGY', 'ORDER', 'ID', '10']",Online Food
223,29/06/21,UPI-MANJULA NAHAR-MANJULA.NAHAR1972@OKHDFCBANK-HDFC0002043-118019714667-UPI,29/06/21,,10,UPI-MANJULA NAHAR-MANJULA.NAHAR1972@OKHDFCBANK-HDFC0002043-118019714667-UPI,"['UPI', 'MANJULA', 'NAHAR', 'MANJULA', 'NAHAR1972', 'OKHDFCBANK', 'HDFC0002043', '118019714667', 'UPI']",Utility
224,29/06/21,UPI-NAGARAJ  T-Q17451014@YBL-SBIN0014203-118023554411-UPI,29/06/21,60,,UPI-NAGARAJ  T-Q17451014@YBL-SBIN0014203-118023554411-UPI,"['UPI', 'NAGARAJ', 'T', 'Q17451014', 'YBL', 'SBIN0014203', '118023554411', 'UPI']",Utility
225,29/06/21,UPI-SWIGGY-SWIGGYUPI@AXISBANK-UTIB0000000-118014672621-SWIGGY ORDER ID 10,29/06/21,108,,UPI-SWIGGY-SWIGGYUPI@AXISBANK-UTIB0000000-118014672621-SWIGGY ORDER ID 10,"['UPI', 'SWIGGY', 'SWIGGYUPI', 'AXISBANK', 'UTIB0000000', '118014672621', 'SWIGGY', 'ORDER', 'ID', '10']",Online Food
226,30/06/21,UPI-MR SHAKSHI NAHAR-SHAKSHI.NAHAR2001@OKHDFCBANK-IDIB000G079-118132476706-UPI,30/06/21,300,,UPI-MR SHAKSHI NAHAR-SHAKSHI.NAHAR2001@OKHDFCBANK-IDIB000G079-118132476706-UPI,"['UPI', 'MR', 'SHAKSHI', 'NAHAR', 'SHAKSHI', 'NAHAR2001', 'OKHDFCBANK', 'IDIB000G079', '118132476706', 'UPI']",Utility
227,30/06/21,IB FUNDS TRANSFER DR-50100416578348  -SHREYANS NAHAR,30/06/21,296000,,IB FUNDS TRANSFER DR-50100416578348  -SHREYANS NAHAR,"['IB', 'FUNDS', 'TRANSFER', 'DR', '50100416578348', 'SHREYANS', 'NAHAR']",
228,30/06/21,"NEFT DR-PUNB0668200-ROHAN-NETBANK, MUM-N181211549454535-FUNDS",30/06/21,200000,,"NEFT DR-PUNB0668200-ROHAN-NETBANK, MUM-N181211549454535-FUNDS","['NEFT', 'DR', 'PUNB0668200', 'ROHAN', 'NETBANK', 'MUM', 'N181211549454535', 'FUNDS']",Funds Transfer
229,01/07/21,CREDIT INTEREST CAPITALISED,30/06/21,,1428,CREDIT INTEREST CAPITALISED,"['CREDIT', 'INTEREST', 'CAPITALISED']",CREDIT
